2026-10-09 16:36:20 [align] session start gen=B730E710 endpoint=streams.kcrw.com/e24_aac/playlist.m3u8 driver=timer
2026-10-09 16:36:20 [align] status paused t=0.0
2026-10-09 16:36:21 [align] status waiting t=0.0
2026-10-09 16:36:21 [align] probe gen=B730E710 t=0.1 media=0.0 date=nil rate=1.00 status=waiting
2026-10-09 16:36:21 [align] clock invalid reason=missingPair t=0.1
2026-10-09 16:36:21 [align] decision t=0.1 candidate=none songSec=nil reason=player clock: missingPair
2026-10-09 16:36:21 [align] probe gen=B730E710 t=0.1 media=0.0 date=nil rate=1.00 status=waiting
2026-10-09 16:36:21 [align] poll n=1 t=0.0 ok entries=10 age=8.0
2026-10-09 16:36:27 [align] status playing t=6.5
2026-10-09 16:36:27 [align] probe gen=B730E710 t=6.5 media=0.0 date=2026-10-09T20:36:22.000Z rate=1.00 status=playing
2026-10-09 16:36:27 [align] clock valid t=6.5
2026-10-09 16:36:27 [align] decision t=6.5 candidate="New Beginnings — Yard Act" songSec=154.0 reason=estimated +160s; not verified audible
2026-10-09 16:36:27 [align] probe gen=B730E710 t=6.5 media=0.0 date=2026-10-09T20:36:22.000Z rate=1.00 status=playing
2026-10-09 16:36:28 [align] probe gen=B730E710 t=7.5 media=1.0 date=2026-10-09T20:36:23.000Z rate=1.00 status=playing
2026-10-09 16:36:29 [align] probe gen=B730E710 t=8.5 media=2.0 date=2026-10-09T20:36:24.000Z rate=1.00 status=playing
2026-10-09 16:36:30 [align] probe gen=B730E710 t=9.5 media=3.0 date=2026-10-09T20:36:25.000Z rate=1.00 status=playing
2026-10-09 16:36:31 [align] probe gen=B730E710 t=10.5 media=4.0 date=2026-10-09T20:36:26.000Z rate=1.00 status=playing
2026-10-09 16:36:32 [align] probe gen=B730E710 t=11.5 media=5.0 date=2026-10-09T20:36:27.000Z rate=1.00 status=playing
2026-10-09 16:36:33 [align] probe gen=B730E710 t=12.5 media=6.0 date=2026-10-09T20:36:27.999Z rate=1.00 status=playing
2026-10-09 16:36:34 [align] probe gen=B730E710 t=13.5 media=7.0 date=2026-10-09T20:36:28.999Z rate=1.00 status=playing
2026-10-09 16:36:35 [align] probe gen=B730E710 t=14.5 media=8.0 date=2026-10-09T20:36:29.999Z rate=1.00 status=playing
2026-10-09 16:36:36 [align] probe gen=B730E710 t=15.5 media=9.0 date=2026-10-09T20:36:31.000Z rate=1.00 status=playing
2026-10-09 16:36:37 [align] probe gen=B730E710 t=16.5 media=10.0 date=2026-10-09T20:36:31.999Z rate=1.00 status=playing
2026-10-09 16:36:38 [align] probe gen=B730E710 t=17.5 media=11.0 date=2026-10-09T20:36:32.999Z rate=1.00 status=playing
2026-10-09 16:36:39 [align] probe gen=B730E710 t=18.5 media=12.0 date=2026-10-09T20:36:34.000Z rate=1.00 status=playing
2026-10-09 16:36:40 [align] probe gen=B730E710 t=19.5 media=13.0 date=2026-10-09T20:36:34.998Z rate=1.00 status=playing
2026-10-09 16:36:41 [align] probe gen=B730E710 t=20.5 media=14.0 date=2026-10-09T20:36:35.999Z rate=1.00 status=playing
2026-10-09 16:36:42 [align] probe gen=B730E710 t=21.5 media=15.0 date=2026-10-09T20:36:36.998Z rate=1.00 status=playing
2026-10-09 16:36:43 [align] probe gen=B730E710 t=22.5 media=16.0 date=2026-10-09T20:36:37.998Z rate=1.00 status=playing
2026-10-09 16:36:44 [align] probe gen=B730E710 t=23.5 media=17.0 date=2026-10-09T20:36:38.999Z rate=1.00 status=playing
2026-10-09 16:36:45 [align] probe gen=B730E710 t=24.5 media=18.0 date=2026-10-09T20:36:39.998Z rate=1.00 status=playing
2026-10-09 16:36:46 [align] probe gen=B730E710 t=25.5 media=19.0 date=2026-10-09T20:36:40.998Z rate=1.00 status=playing
2026-10-09 16:36:47 [align] probe gen=B730E710 t=26.5 media=20.0 date=2026-10-09T20:36:41.998Z rate=1.00 status=playing
2026-10-09 16:36:48 [align] probe gen=B730E710 t=27.5 media=21.0 date=2026-10-09T20:36:42.998Z rate=1.00 status=playing
2026-10-09 16:36:49 [align] probe gen=B730E710 t=28.5 media=22.0 date=2026-10-09T20:36:43.998Z rate=1.00 status=playing
2026-10-09 16:36:50 [align] probe gen=B730E710 t=29.5 media=23.0 date=2026-10-09T20:36:44.998Z rate=1.00 status=playing
2026-10-09 16:36:51 [align] poll n=2 t=30.1 ok entries=10 age=38.0
2026-10-09 16:36:51 [align] probe gen=B730E710 t=30.5 media=24.0 date=2026-10-09T20:36:45.997Z rate=1.00 status=playing
2026-10-09 16:36:52 [align] probe gen=B730E710 t=31.5 media=25.0 date=2026-10-09T20:36:46.997Z rate=1.00 status=playing
2026-10-09 16:36:53 [align] probe gen=B730E710 t=32.5 media=26.0 date=2026-10-09T20:36:47.997Z rate=1.00 status=playing
2026-10-09 16:36:54 [align] probe gen=B730E710 t=33.5 media=27.0 date=2026-10-09T20:36:48.997Z rate=1.00 status=playing
2026-10-09 16:36:55 [align] probe gen=B730E710 t=34.5 media=28.0 date=2026-10-09T20:36:49.997Z rate=1.00 status=playing
2026-10-09 16:36:56 [align] probe gen=B730E710 t=35.5 media=29.0 date=2026-10-09T20:36:50.997Z rate=1.00 status=playing
2026-10-09 16:36:57 [align] probe gen=B730E710 t=36.5 media=30.0 date=2026-10-09T20:36:51.996Z rate=1.00 status=playing
2026-10-09 16:36:58 [align] probe gen=B730E710 t=37.5 media=31.0 date=2026-10-09T20:36:52.996Z rate=1.00 status=playing
2026-10-09 16:36:59 [align] probe gen=B730E710 t=38.5 media=32.0 date=2026-10-09T20:36:53.996Z rate=1.00 status=playing
2026-10-09 16:37:00 [align] probe gen=B730E710 t=39.5 media=33.0 date=2026-10-09T20:36:54.996Z rate=1.00 status=playing
2026-10-09 16:37:01 [align] probe gen=B730E710 t=40.5 media=34.0 date=2026-10-09T20:36:55.996Z rate=1.00 status=playing
2026-10-09 16:37:02 [align] probe gen=B730E710 t=41.5 media=35.0 date=2026-10-09T20:36:56.996Z rate=1.00 status=playing
2026-10-09 16:37:03 [align] probe gen=B730E710 t=42.5 media=36.0 date=2026-10-09T20:36:57.995Z rate=1.00 status=playing
2026-10-09 16:37:04 [align] probe gen=B730E710 t=43.5 media=37.0 date=2026-10-09T20:36:58.995Z rate=1.00 status=playing
2026-10-09 16:37:05 [align] probe gen=B730E710 t=44.5 media=38.0 date=2026-10-09T20:36:59.995Z rate=1.00 status=playing
2026-10-09 16:37:06 [align] probe gen=B730E710 t=45.5 media=39.0 date=2026-10-09T20:37:00.995Z rate=1.00 status=playing
2026-10-09 16:37:07 [align] probe gen=B730E710 t=46.5 media=40.0 date=2026-10-09T20:37:01.995Z rate=1.00 status=playing
2026-10-09 16:37:08 [align] probe gen=B730E710 t=47.5 media=41.0 date=2026-10-09T20:37:02.995Z rate=1.00 status=playing
2026-10-09 16:37:09 [align] probe gen=B730E710 t=48.5 media=42.0 date=2026-10-09T20:37:03.995Z rate=1.00 status=playing
2026-10-09 16:37:10 [align] probe gen=B730E710 t=49.5 media=43.0 date=2026-10-09T20:37:04.994Z rate=1.00 status=playing
2026-10-09 16:37:11 [align] probe gen=B730E710 t=50.5 media=44.0 date=2026-10-09T20:37:05.994Z rate=1.00 status=playing
2026-10-09 16:37:12 [align] probe gen=B730E710 t=51.5 media=45.0 date=2026-10-09T20:37:06.994Z rate=1.00 status=playing
2026-10-09 16:37:13 [align] probe gen=B730E710 t=52.5 media=46.0 date=2026-10-09T20:37:07.994Z rate=1.00 status=playing
2026-10-09 16:37:14 [align] probe gen=B730E710 t=53.5 media=47.0 date=2026-10-09T20:37:08.994Z rate=1.00 status=playing
2026-10-09 16:37:15 [align] probe gen=B730E710 t=54.5 media=48.0 date=2026-10-09T20:37:09.994Z rate=1.00 status=playing
2026-10-09 16:37:16 [align] probe gen=B730E710 t=55.5 media=49.0 date=2026-10-09T20:37:10.994Z rate=1.00 status=playing
2026-10-09 16:37:17 [align] probe gen=B730E710 t=56.5 media=50.0 date=2026-10-09T20:37:11.994Z rate=1.00 status=playing
2026-10-09 16:37:17 [align] decision t=56.5 candidate="Computer Camp Love — Datarock" songSec=0.0 reason=estimated +160s; not verified audible
2026-10-09 16:37:18 [align] probe gen=B730E710 t=57.5 media=51.0 date=2026-10-09T20:37:12.994Z rate=1.00 status=playing
2026-10-09 16:37:19 [align] probe gen=B730E710 t=58.5 media=52.0 date=2026-10-09T20:37:13.994Z rate=1.00 status=playing
2026-10-09 16:37:20 [align] probe gen=B730E710 t=59.5 media=53.0 date=2026-10-09T20:37:14.994Z rate=1.00 status=playing
2026-10-09 16:37:21 [align] poll n=3 t=60.2 ok entries=10 age=7.0
2026-10-09 16:37:21 [align] probe gen=B730E710 t=60.5 media=54.0 date=2026-10-09T20:37:15.993Z rate=1.00 status=playing
2026-10-09 16:37:22 [align] probe gen=B730E710 t=61.5 media=55.0 date=2026-10-09T20:37:16.993Z rate=1.00 status=playing
2026-10-09 16:37:23 [align] probe gen=B730E710 t=62.5 media=56.0 date=2026-10-09T20:37:17.993Z rate=1.00 status=playing
2026-10-09 16:37:24 [align] probe gen=B730E710 t=63.5 media=57.0 date=2026-10-09T20:37:18.993Z rate=1.00 status=playing
2026-10-09 16:37:25 [align] probe gen=B730E710 t=64.5 media=58.0 date=2026-10-09T20:37:19.993Z rate=1.00 status=playing
2026-10-09 16:37:26 [align] probe gen=B730E710 t=65.5 media=59.0 date=2026-10-09T20:37:20.993Z rate=1.00 status=playing
2026-10-09 16:37:27 [align] probe gen=B730E710 t=66.5 media=60.0 date=2026-10-09T20:37:21.993Z rate=1.00 status=playing
2026-10-09 16:37:28 [align] probe gen=B730E710 t=67.5 media=61.0 date=2026-10-09T20:37:22.992Z rate=1.00 status=playing
2026-10-09 16:37:29 [align] probe gen=B730E710 t=68.5 media=62.0 date=2026-10-09T20:37:23.992Z rate=1.00 status=playing
2026-10-09 16:37:30 [align] probe gen=B730E710 t=69.5 media=63.0 date=2026-10-09T20:37:24.992Z rate=1.00 status=playing
2026-10-09 16:37:31 [align] probe gen=B730E710 t=70.5 media=64.0 date=2026-10-09T20:37:25.992Z rate=1.00 status=playing
2026-10-09 16:37:32 [align] probe gen=B730E710 t=71.5 media=65.0 date=2026-10-09T20:37:26.992Z rate=1.00 status=playing
2026-10-09 16:37:33 [align] probe gen=B730E710 t=72.5 media=66.0 date=2026-10-09T20:37:27.991Z rate=1.00 status=playing
2026-10-09 16:37:34 [align] probe gen=B730E710 t=73.5 media=67.0 date=2026-10-09T20:37:28.991Z rate=1.00 status=playing
2026-10-09 16:37:35 [align] probe gen=B730E710 t=74.5 media=68.0 date=2026-10-09T20:37:29.991Z rate=1.00 status=playing
2026-10-09 16:37:36 [align] probe gen=B730E710 t=75.5 media=69.0 date=2026-10-09T20:37:30.991Z rate=1.00 status=playing
2026-10-09 16:37:37 [align] probe gen=B730E710 t=76.5 media=70.0 date=2026-10-09T20:37:31.991Z rate=1.00 status=playing
2026-10-09 16:37:38 [align] probe gen=B730E710 t=77.5 media=71.0 date=2026-10-09T20:37:32.991Z rate=1.00 status=playing
2026-10-09 16:37:39 [align] probe gen=B730E710 t=78.5 media=72.0 date=2026-10-09T20:37:33.991Z rate=1.00 status=playing
2026-10-09 16:37:40 [align] probe gen=B730E710 t=79.5 media=73.0 date=2026-10-09T20:37:34.990Z rate=1.00 status=playing
2026-10-09 16:37:41 [align] probe gen=B730E710 t=80.5 media=74.0 date=2026-10-09T20:37:35.990Z rate=1.00 status=playing
2026-10-09 16:37:42 [align] probe gen=B730E710 t=81.5 media=75.0 date=2026-10-09T20:37:36.990Z rate=1.00 status=playing
2026-10-09 16:37:43 [align] probe gen=B730E710 t=82.5 media=76.0 date=2026-10-09T20:37:37.990Z rate=1.00 status=playing
2026-10-09 16:37:44 [align] probe gen=B730E710 t=83.5 media=77.0 date=2026-10-09T20:37:38.990Z rate=1.00 status=playing
2026-10-09 16:37:45 [align] probe gen=B730E710 t=84.5 media=78.0 date=2026-10-09T20:37:39.989Z rate=1.00 status=playing
2026-10-09 16:37:46 [align] probe gen=B730E710 t=85.5 media=79.0 date=2026-10-09T20:37:40.989Z rate=1.00 status=playing
2026-10-09 16:37:47 [align] probe gen=B730E710 t=86.5 media=80.0 date=2026-10-09T20:37:41.989Z rate=1.00 status=playing
2026-10-09 16:37:48 [align] probe gen=B730E710 t=87.5 media=81.0 date=2026-10-09T20:37:42.989Z rate=1.00 status=playing
2026-10-09 16:37:49 [align] probe gen=B730E710 t=88.5 media=82.0 date=2026-10-09T20:37:43.989Z rate=1.00 status=playing
2026-10-09 16:37:50 [align] probe gen=B730E710 t=89.5 media=83.0 date=2026-10-09T20:37:44.989Z rate=1.00 status=playing
2026-10-09 16:37:51 [align] poll n=4 t=90.2 ok entries=10 age=37.0
2026-10-09 16:37:51 [align] probe gen=B730E710 t=90.5 media=84.0 date=2026-10-09T20:37:45.989Z rate=1.00 status=playing
2026-10-09 16:37:52 [align] probe gen=B730E710 t=91.5 media=85.0 date=2026-10-09T20:37:46.989Z rate=1.00 status=playing
2026-10-09 16:37:53 [align] probe gen=B730E710 t=92.5 media=86.0 date=2026-10-09T20:37:47.989Z rate=1.00 status=playing
2026-10-09 16:37:54 [align] probe gen=B730E710 t=93.5 media=87.0 date=2026-10-09T20:37:48.989Z rate=1.00 status=playing
2026-10-09 16:37:55 [align] probe gen=B730E710 t=94.5 media=88.0 date=2026-10-09T20:37:49.989Z rate=1.00 status=playing
2026-10-09 16:37:56 [align] probe gen=B730E710 t=95.5 media=89.0 date=2026-10-09T20:37:50.989Z rate=1.00 status=playing
2026-10-09 16:37:57 [align] probe gen=B730E710 t=96.5 media=90.0 date=2026-10-09T20:37:51.989Z rate=1.00 status=playing
2026-10-09 16:37:58 [align] probe gen=B730E710 t=97.5 media=91.0 date=2026-10-09T20:37:52.988Z rate=1.00 status=playing
2026-10-09 16:37:59 [align] probe gen=B730E710 t=98.5 media=92.0 date=2026-10-09T20:37:53.988Z rate=1.00 status=playing
2026-10-09 16:38:00 [align] probe gen=B730E710 t=99.5 media=93.0 date=2026-10-09T20:37:54.988Z rate=1.00 status=playing
2026-10-09 16:38:01 [align] probe gen=B730E710 t=100.5 media=94.0 date=2026-10-09T20:37:55.988Z rate=1.00 status=playing
2026-10-09 16:38:02 [align] probe gen=B730E710 t=101.5 media=95.0 date=2026-10-09T20:37:56.988Z rate=1.00 status=playing
2026-10-09 16:38:03 [align] probe gen=B730E710 t=102.5 media=96.0 date=2026-10-09T20:37:57.987Z rate=1.00 status=playing
2026-10-09 16:38:04 [align] probe gen=B730E710 t=103.5 media=97.0 date=2026-10-09T20:37:58.987Z rate=1.00 status=playing
2026-10-09 16:38:05 [align] probe gen=B730E710 t=104.5 media=98.0 date=2026-10-09T20:37:59.987Z rate=1.00 status=playing
2026-10-09 16:38:06 [align] probe gen=B730E710 t=105.5 media=99.0 date=2026-10-09T20:38:00.987Z rate=1.00 status=playing
2026-10-09 16:38:07 [align] probe gen=B730E710 t=106.5 media=100.0 date=2026-10-09T20:38:01.987Z rate=1.00 status=playing
2026-10-09 16:38:08 [align] probe gen=B730E710 t=107.5 media=101.0 date=2026-10-09T20:38:02.987Z rate=1.00 status=playing
2026-10-09 16:38:09 [align] probe gen=B730E710 t=108.5 media=102.0 date=2026-10-09T20:38:03.987Z rate=1.00 status=playing
2026-10-09 16:38:10 [align] probe gen=B730E710 t=109.5 media=103.0 date=2026-10-09T20:38:04.986Z rate=1.00 status=playing
2026-10-09 16:38:11 [align] probe gen=B730E710 t=110.5 media=104.0 date=2026-10-09T20:38:05.986Z rate=1.00 status=playing
2026-10-09 16:38:12 [align] probe gen=B730E710 t=111.5 media=105.0 date=2026-10-09T20:38:06.986Z rate=1.00 status=playing
2026-10-09 16:38:13 [align] probe gen=B730E710 t=112.5 media=106.0 date=2026-10-09T20:38:07.986Z rate=1.00 status=playing
2026-10-09 16:38:14 [align] probe gen=B730E710 t=113.5 media=107.0 date=2026-10-09T20:38:08.992Z rate=1.00 status=playing
2026-10-09 16:38:15 [align] probe gen=B730E710 t=114.5 media=108.0 date=2026-10-09T20:38:09.985Z rate=1.00 status=playing
2026-10-09 16:38:16 [align] probe gen=B730E710 t=115.5 media=109.0 date=2026-10-09T20:38:10.985Z rate=1.00 status=playing
2026-10-09 16:38:17 [align] probe gen=B730E710 t=116.5 media=110.0 date=2026-10-09T20:38:11.985Z rate=1.00 status=playing
2026-10-09 16:38:18 [align] probe gen=B730E710 t=117.5 media=111.0 date=2026-10-09T20:38:12.985Z rate=1.00 status=playing
2026-10-09 16:38:19 [align] probe gen=B730E710 t=118.5 media=112.0 date=2026-10-09T20:38:13.985Z rate=1.00 status=playing
2026-10-09 16:38:20 [align] probe gen=B730E710 t=119.5 media=113.0 date=2026-10-09T20:38:14.985Z rate=1.00 status=playing
2026-10-09 16:38:21 [align] poll n=5 t=120.3 ok entries=10 age=7.0
2026-10-09 16:38:21 [align] probe gen=B730E710 t=120.5 media=114.0 date=2026-10-09T20:38:15.984Z rate=1.00 status=playing
2026-10-09 16:38:22 [align] probe gen=B730E710 t=121.5 media=115.0 date=2026-10-09T20:38:16.984Z rate=1.00 status=playing
2026-10-09 16:38:23 [align] probe gen=B730E710 t=122.5 media=116.0 date=2026-10-09T20:38:17.984Z rate=1.00 status=playing
2026-10-09 16:38:24 [align] probe gen=B730E710 t=123.5 media=117.0 date=2026-10-09T20:38:18.984Z rate=1.00 status=playing
2026-10-09 16:38:25 [align] probe gen=B730E710 t=124.5 media=118.0 date=2026-10-09T20:38:19.993Z rate=1.00 status=playing
2026-10-09 16:38:26 [align] probe gen=B730E710 t=125.5 media=119.0 date=2026-10-09T20:38:20.985Z rate=1.00 status=playing
2026-10-09 16:38:27 [align] probe gen=B730E710 t=126.5 media=120.0 date=2026-10-09T20:38:21.984Z rate=1.00 status=playing
2026-10-09 16:38:28 [align] probe gen=B730E710 t=127.5 media=121.0 date=2026-10-09T20:38:22.983Z rate=1.00 status=playing
2026-10-09 16:38:29 [align] probe gen=B730E710 t=128.5 media=122.0 date=2026-10-09T20:38:23.983Z rate=1.00 status=playing
2026-10-09 16:38:30 [align] probe gen=B730E710 t=129.5 media=123.0 date=2026-10-09T20:38:24.984Z rate=1.00 status=playing
2026-10-09 16:38:31 [align] probe gen=B730E710 t=130.5 media=124.0 date=2026-10-09T20:38:25.983Z rate=1.00 status=playing
2026-10-09 16:38:32 [align] probe gen=B730E710 t=131.5 media=125.0 date=2026-10-09T20:38:26.983Z rate=1.00 status=playing
2026-10-09 16:38:33 [align] probe gen=B730E710 t=132.5 media=126.0 date=2026-10-09T20:38:27.983Z rate=1.00 status=playing
2026-10-09 16:38:34 [align] probe gen=B730E710 t=133.5 media=127.0 date=2026-10-09T20:38:28.983Z rate=1.00 status=playing
2026-10-09 16:38:35 [align] probe gen=B730E710 t=134.5 media=128.0 date=2026-10-09T20:38:29.983Z rate=1.00 status=playing
2026-10-09 16:38:36 [align] probe gen=B730E710 t=135.5 media=129.0 date=2026-10-09T20:38:30.983Z rate=1.00 status=playing
2026-10-09 16:38:37 [align] probe gen=B730E710 t=136.5 media=130.0 date=2026-10-09T20:38:31.983Z rate=1.00 status=playing
2026-10-09 16:38:38 [align] probe gen=B730E710 t=137.5 media=131.0 date=2026-10-09T20:38:32.983Z rate=1.00 status=playing
2026-10-09 16:38:39 [align] probe gen=B730E710 t=138.5 media=132.0 date=2026-10-09T20:38:33.983Z rate=1.00 status=playing
2026-10-09 16:38:40 [align] probe gen=B730E710 t=139.5 media=133.0 date=2026-10-09T20:38:34.982Z rate=1.00 status=playing
2026-10-09 16:38:41 [align] probe gen=B730E710 t=140.5 media=134.0 date=2026-10-09T20:38:35.982Z rate=1.00 status=playing
2026-10-09 16:38:42 [align] probe gen=B730E710 t=141.5 media=135.0 date=2026-10-09T20:38:36.982Z rate=1.00 status=playing
2026-10-09 16:38:43 [align] probe gen=B730E710 t=142.5 media=136.0 date=2026-10-09T20:38:37.982Z rate=1.00 status=playing
2026-10-09 16:38:44 [align] probe gen=B730E710 t=143.5 media=137.0 date=2026-10-09T20:38:38.982Z rate=1.00 status=playing
2026-10-09 16:38:45 [align] probe gen=B730E710 t=144.5 media=138.0 date=2026-10-09T20:38:39.981Z rate=1.00 status=playing
2026-10-09 16:38:46 [align] probe gen=B730E710 t=145.5 media=139.0 date=2026-10-09T20:38:40.981Z rate=1.00 status=playing
2026-10-09 16:38:47 [align] probe gen=B730E710 t=146.5 media=140.0 date=2026-10-09T20:38:41.981Z rate=1.00 status=playing
2026-10-09 16:38:48 [align] probe gen=B730E710 t=147.5 media=141.0 date=2026-10-09T20:38:42.981Z rate=1.00 status=playing
2026-10-09 16:38:49 [align] probe gen=B730E710 t=148.5 media=142.0 date=2026-10-09T20:38:43.981Z rate=1.00 status=playing
2026-10-09 16:38:50 [align] probe gen=B730E710 t=149.5 media=143.0 date=2026-10-09T20:38:44.981Z rate=1.00 status=playing
2026-10-09 16:38:51 [align] poll n=6 t=150.3 ok entries=10 age=37.0
2026-10-09 16:38:51 [align] probe gen=B730E710 t=150.5 media=144.0 date=2026-10-09T20:38:45.980Z rate=1.00 status=playing
2026-10-09 16:38:52 [align] probe gen=B730E710 t=151.5 media=145.0 date=2026-10-09T20:38:46.980Z rate=1.00 status=playing
2026-10-09 16:38:53 [align] probe gen=B730E710 t=152.5 media=146.0 date=2026-10-09T20:38:47.980Z rate=1.00 status=playing
2026-10-09 16:38:54 [align] probe gen=B730E710 t=153.5 media=147.0 date=2026-10-09T20:38:48.980Z rate=1.00 status=playing
2026-10-09 16:38:55 [align] probe gen=B730E710 t=154.5 media=148.0 date=2026-10-09T20:38:49.980Z rate=1.00 status=playing
2026-10-09 16:38:56 [align] probe gen=B730E710 t=155.5 media=149.0 date=2026-10-09T20:38:50.980Z rate=1.00 status=playing
2026-10-09 16:38:57 [align] probe gen=B730E710 t=156.5 media=150.0 date=2026-10-09T20:38:51.980Z rate=1.00 status=playing
2026-10-09 16:38:58 [align] probe gen=B730E710 t=157.5 media=151.0 date=2026-10-09T20:38:52.979Z rate=1.00 status=playing
2026-10-09 16:38:59 [align] probe gen=B730E710 t=158.5 media=152.0 date=2026-10-09T20:38:53.979Z rate=1.00 status=playing
2026-10-09 16:39:00 [align] probe gen=B730E710 t=159.5 media=153.0 date=2026-10-09T20:38:54.979Z rate=1.00 status=playing
2026-10-09 16:39:01 [align] probe gen=B730E710 t=160.5 media=154.0 date=2026-10-09T20:38:55.979Z rate=1.00 status=playing
2026-10-09 16:39:02 [align] probe gen=B730E710 t=161.5 media=155.0 date=2026-10-09T20:38:56.979Z rate=1.00 status=playing
2026-10-09 16:39:03 [align] probe gen=B730E710 t=162.5 media=156.0 date=2026-10-09T20:38:57.979Z rate=1.00 status=playing
2026-10-09 16:39:04 [align] probe gen=B730E710 t=163.5 media=157.0 date=2026-10-09T20:38:58.979Z rate=1.00 status=playing
2026-10-09 16:39:05 [align] probe gen=B730E710 t=164.5 media=158.0 date=2026-10-09T20:38:59.979Z rate=1.00 status=playing
2026-10-09 16:39:06 [align] probe gen=B730E710 t=165.5 media=159.0 date=2026-10-09T20:39:00.979Z rate=1.00 status=playing
2026-10-09 16:39:07 [align] probe gen=B730E710 t=166.5 media=160.0 date=2026-10-09T20:39:01.979Z rate=1.00 status=playing
2026-10-09 16:39:08 [align] probe gen=B730E710 t=167.5 media=161.0 date=2026-10-09T20:39:02.979Z rate=1.00 status=playing
2026-10-09 16:39:09 [align] probe gen=B730E710 t=168.5 media=162.0 date=2026-10-09T20:39:03.979Z rate=1.00 status=playing
2026-10-09 16:39:10 [align] probe gen=B730E710 t=169.5 media=163.0 date=2026-10-09T20:39:04.978Z rate=1.00 status=playing
2026-10-09 16:39:11 [align] probe gen=B730E710 t=170.5 media=164.0 date=2026-10-09T20:39:05.978Z rate=1.00 status=playing
2026-10-09 16:39:12 [align] probe gen=B730E710 t=171.5 media=165.0 date=2026-10-09T20:39:06.978Z rate=1.00 status=playing
2026-10-09 16:39:13 [align] probe gen=B730E710 t=172.5 media=166.0 date=2026-10-09T20:39:07.978Z rate=1.00 status=playing
2026-10-09 16:39:14 [align] probe gen=B730E710 t=173.5 media=167.0 date=2026-10-09T20:39:08.978Z rate=1.00 status=playing
2026-10-09 16:39:15 [align] probe gen=B730E710 t=174.5 media=168.0 date=2026-10-09T20:39:09.977Z rate=1.00 status=playing
2026-10-09 16:39:16 [align] probe gen=B730E710 t=175.5 media=169.0 date=2026-10-09T20:39:10.977Z rate=1.00 status=playing
2026-10-09 16:39:17 [align] probe gen=B730E710 t=176.5 media=170.0 date=2026-10-09T20:39:11.977Z rate=1.00 status=playing
2026-10-09 16:39:18 [align] probe gen=B730E710 t=177.5 media=171.0 date=2026-10-09T20:39:12.977Z rate=1.00 status=playing
2026-10-09 16:39:19 [align] probe gen=B730E710 t=178.5 media=172.0 date=2026-10-09T20:39:13.977Z rate=1.00 status=playing
2026-10-09 16:39:20 [align] probe gen=B730E710 t=179.5 media=173.0 date=2026-10-09T20:39:14.977Z rate=1.00 status=playing
2026-10-09 16:39:21 [align] poll n=7 t=180.3 ok entries=10 age=nil
2026-10-09 16:39:21 [align] probe gen=B730E710 t=180.5 media=174.0 date=2026-10-09T20:39:15.976Z rate=1.00 status=playing
2026-10-09 16:39:22 [align] probe gen=B730E710 t=181.5 media=175.0 date=2026-10-09T20:39:16.976Z rate=1.00 status=playing
2026-10-09 16:39:23 [align] probe gen=B730E710 t=182.5 media=176.0 date=2026-10-09T20:39:17.976Z rate=1.00 status=playing
2026-10-09 16:39:24 [align] probe gen=B730E710 t=183.5 media=177.0 date=2026-10-09T20:39:18.976Z rate=1.00 status=playing
2026-10-09 16:39:25 [align] probe gen=B730E710 t=184.5 media=178.0 date=2026-10-09T20:39:19.976Z rate=1.00 status=playing
2026-10-09 16:39:26 [align] probe gen=B730E710 t=185.5 media=179.0 date=2026-10-09T20:39:20.976Z rate=1.00 status=playing
2026-10-09 16:39:27 [align] probe gen=B730E710 t=186.5 media=180.0 date=2026-10-09T20:39:21.976Z rate=1.00 status=playing
2026-10-09 16:39:28 [align] probe gen=B730E710 t=187.5 media=181.0 date=2026-10-09T20:39:22.975Z rate=1.00 status=playing
2026-10-09 16:39:29 [align] probe gen=B730E710 t=188.5 media=182.0 date=2026-10-09T20:39:23.975Z rate=1.00 status=playing
2026-10-09 16:39:30 [align] probe gen=B730E710 t=189.5 media=183.0 date=2026-10-09T20:39:24.975Z rate=1.00 status=playing
2026-10-09 16:39:31 [align] probe gen=B730E710 t=190.5 media=184.0 date=2026-10-09T20:39:25.975Z rate=1.00 status=playing
2026-10-09 16:39:32 [align] probe gen=B730E710 t=191.5 media=185.0 date=2026-10-09T20:39:26.975Z rate=1.00 status=playing
2026-10-09 16:39:33 [align] probe gen=B730E710 t=192.5 media=186.0 date=2026-10-09T20:39:27.974Z rate=1.00 status=playing
2026-10-09 16:39:34 [align] probe gen=B730E710 t=193.5 media=187.0 date=2026-10-09T20:39:28.974Z rate=1.00 status=playing
2026-10-09 16:39:35 [align] probe gen=B730E710 t=194.5 media=188.0 date=2026-10-09T20:39:29.974Z rate=1.00 status=playing
2026-10-09 16:39:36 [align] probe gen=B730E710 t=195.5 media=189.0 date=2026-10-09T20:39:30.974Z rate=1.00 status=playing
2026-10-09 16:39:37 [align] probe gen=B730E710 t=196.5 media=190.0 date=2026-10-09T20:39:31.974Z rate=1.00 status=playing
2026-10-09 16:39:38 [align] probe gen=B730E710 t=197.5 media=191.0 date=2026-10-09T20:39:32.974Z rate=1.00 status=playing
2026-10-09 16:39:39 [align] probe gen=B730E710 t=198.5 media=192.0 date=2026-10-09T20:39:33.974Z rate=1.00 status=playing
2026-10-09 16:39:40 [align] probe gen=B730E710 t=199.5 media=193.0 date=2026-10-09T20:39:34.973Z rate=1.00 status=playing
2026-10-09 16:39:41 [align] probe gen=B730E710 t=200.5 media=194.0 date=2026-10-09T20:39:35.973Z rate=1.00 status=playing
2026-10-09 16:39:42 [align] probe gen=B730E710 t=201.5 media=195.0 date=2026-10-09T20:39:36.973Z rate=1.00 status=playing
2026-10-09 16:39:43 [align] probe gen=B730E710 t=202.5 media=196.0 date=2026-10-09T20:39:37.973Z rate=1.00 status=playing
2026-10-09 16:39:44 [align] probe gen=B730E710 t=203.6 media=197.1 date=2026-10-09T20:39:39.040Z rate=1.00 status=playing
2026-10-09 16:39:45 [align] probe gen=B730E710 t=204.5 media=198.0 date=2026-10-09T20:39:39.977Z rate=1.00 status=playing
2026-10-09 16:39:46 [align] probe gen=B730E710 t=205.5 media=199.0 date=2026-10-09T20:39:40.973Z rate=1.00 status=playing
2026-10-09 16:39:47 [align] probe gen=B730E710 t=206.5 media=200.0 date=2026-10-09T20:39:41.973Z rate=1.00 status=playing
2026-10-09 16:39:48 [align] probe gen=B730E710 t=207.5 media=201.0 date=2026-10-09T20:39:42.980Z rate=1.00 status=playing
2026-10-09 16:39:49 [align] probe gen=B730E710 t=208.5 media=202.0 date=2026-10-09T20:39:43.979Z rate=1.00 status=playing
2026-10-09 16:39:50 [align] probe gen=B730E710 t=209.5 media=203.0 date=2026-10-09T20:39:44.980Z rate=1.00 status=playing
2026-10-09 16:39:51 [align] poll n=8 t=210.4 ok entries=10 age=30.0
2026-10-09 16:39:51 [align] probe gen=B730E710 t=210.5 media=204.0 date=2026-10-09T20:39:45.978Z rate=1.00 status=playing
2026-10-09 16:39:52 [align] probe gen=B730E710 t=211.5 media=205.0 date=2026-10-09T20:39:46.979Z rate=1.00 status=playing
2026-10-09 16:39:53 [align] probe gen=B730E710 t=212.5 media=206.0 date=2026-10-09T20:39:47.979Z rate=1.00 status=playing
2026-10-09 16:39:54 [align] probe gen=B730E710 t=213.5 media=207.0 date=2026-10-09T20:39:48.979Z rate=1.00 status=playing
2026-10-09 16:39:55 [align] probe gen=B730E710 t=214.5 media=208.0 date=2026-10-09T20:39:49.980Z rate=1.00 status=playing
2026-10-09 16:39:56 [align] probe gen=B730E710 t=215.5 media=209.0 date=2026-10-09T20:39:50.980Z rate=1.00 status=playing
2026-10-09 16:39:57 [align] probe gen=B730E710 t=216.5 media=210.0 date=2026-10-09T20:39:51.978Z rate=1.00 status=playing
2026-10-09 16:39:58 [align] probe gen=B730E710 t=217.5 media=211.0 date=2026-10-09T20:39:52.979Z rate=1.00 status=playing
2026-10-09 16:39:59 [align] probe gen=B730E710 t=218.5 media=212.0 date=2026-10-09T20:39:53.979Z rate=1.00 status=playing
2026-10-09 16:40:00 [align] probe gen=B730E710 t=219.5 media=213.0 date=2026-10-09T20:39:54.978Z rate=1.00 status=playing
2026-10-09 16:40:01 [align] probe gen=B730E710 t=220.5 media=214.0 date=2026-10-09T20:39:55.978Z rate=1.00 status=playing
2026-10-09 16:40:02 [align] probe gen=B730E710 t=221.5 media=215.0 date=2026-10-09T20:39:56.978Z rate=1.00 status=playing
2026-10-09 16:40:03 [align] probe gen=B730E710 t=222.5 media=216.0 date=2026-10-09T20:39:57.977Z rate=1.00 status=playing
2026-10-09 16:40:04 [align] probe gen=B730E710 t=223.5 media=217.0 date=2026-10-09T20:39:58.978Z rate=1.00 status=playing
2026-10-09 16:40:05 [align] probe gen=B730E710 t=224.5 media=218.0 date=2026-10-09T20:39:59.978Z rate=1.00 status=playing
2026-10-09 16:40:06 [align] probe gen=B730E710 t=225.5 media=219.0 date=2026-10-09T20:40:00.978Z rate=1.00 status=playing
2026-10-09 16:40:07 [align] probe gen=B730E710 t=226.5 media=220.0 date=2026-10-09T20:40:01.978Z rate=1.00 status=playing
2026-10-09 16:40:08 [align] probe gen=B730E710 t=227.5 media=221.0 date=2026-10-09T20:40:02.978Z rate=1.00 status=playing
2026-10-09 16:40:09 [align] probe gen=B730E710 t=228.5 media=222.0 date=2026-10-09T20:40:03.977Z rate=1.00 status=playing
2026-10-09 16:40:10 [align] probe gen=B730E710 t=229.5 media=223.0 date=2026-10-09T20:40:04.977Z rate=1.00 status=playing
2026-10-09 16:40:11 [align] probe gen=B730E710 t=230.5 media=224.0 date=2026-10-09T20:40:05.977Z rate=1.00 status=playing
2026-10-09 16:40:12 [align] probe gen=B730E710 t=231.5 media=225.0 date=2026-10-09T20:40:06.977Z rate=1.00 status=playing
2026-10-09 16:40:13 [align] probe gen=B730E710 t=232.5 media=226.0 date=2026-10-09T20:40:07.977Z rate=1.00 status=playing
2026-10-09 16:40:14 [align] probe gen=B730E710 t=233.5 media=227.0 date=2026-10-09T20:40:08.977Z rate=1.00 status=playing
2026-10-09 16:40:15 [align] probe gen=B730E710 t=234.5 media=228.0 date=2026-10-09T20:40:09.974Z rate=1.00 status=playing
2026-10-09 16:40:16 [align] probe gen=B730E710 t=235.5 media=229.0 date=2026-10-09T20:40:10.976Z rate=1.00 status=playing
2026-10-09 16:40:17 [align] probe gen=B730E710 t=236.5 media=230.0 date=2026-10-09T20:40:11.977Z rate=1.00 status=playing
2026-10-09 16:40:18 [align] probe gen=B730E710 t=237.5 media=231.0 date=2026-10-09T20:40:12.977Z rate=1.00 status=playing
2026-10-09 16:40:19 [align] probe gen=B730E710 t=238.5 media=232.0 date=2026-10-09T20:40:13.977Z rate=1.00 status=playing
2026-10-09 16:40:20 [align] probe gen=B730E710 t=239.5 media=233.0 date=2026-10-09T20:40:14.976Z rate=1.00 status=playing
2026-10-09 16:40:21 [align] poll n=9 t=240.4 ok entries=10 age=60.0
2026-10-09 16:40:21 [align] probe gen=B730E710 t=240.5 media=234.0 date=2026-10-09T20:40:15.976Z rate=1.00 status=playing
2026-10-09 16:40:22 [align] probe gen=B730E710 t=241.5 media=235.0 date=2026-10-09T20:40:16.976Z rate=1.00 status=playing
2026-10-09 16:40:23 [align] probe gen=B730E710 t=242.5 media=236.0 date=2026-10-09T20:40:17.976Z rate=1.00 status=playing
2026-10-09 16:40:24 [align] probe gen=B730E710 t=243.5 media=237.0 date=2026-10-09T20:40:18.968Z rate=1.00 status=playing
2026-10-09 16:40:25 [align] probe gen=B730E710 t=244.5 media=238.0 date=2026-10-09T20:40:19.975Z rate=1.00 status=playing
2026-10-09 16:40:26 [align] probe gen=B730E710 t=245.5 media=239.0 date=2026-10-09T20:40:20.968Z rate=1.00 status=playing
2026-10-09 16:40:27 [align] probe gen=B730E710 t=246.5 media=240.0 date=2026-10-09T20:40:21.976Z rate=1.00 status=playing
2026-10-09 16:40:28 [align] probe gen=B730E710 t=247.5 media=241.0 date=2026-10-09T20:40:22.974Z rate=1.00 status=playing
2026-10-09 16:40:29 [align] probe gen=B730E710 t=248.5 media=242.0 date=2026-10-09T20:40:23.972Z rate=1.00 status=playing
2026-10-09 16:40:30 [align] probe gen=B730E710 t=249.5 media=243.0 date=2026-10-09T20:40:24.967Z rate=1.00 status=playing
2026-10-09 16:40:31 [align] probe gen=B730E710 t=250.5 media=244.0 date=2026-10-09T20:40:25.967Z rate=1.00 status=playing
2026-10-09 16:40:32 [align] probe gen=B730E710 t=251.5 media=245.0 date=2026-10-09T20:40:26.975Z rate=1.00 status=playing
2026-10-09 16:40:33 [align] probe gen=B730E710 t=252.5 media=246.0 date=2026-10-09T20:40:27.975Z rate=1.00 status=playing
2026-10-09 16:40:34 [align] probe gen=B730E710 t=253.5 media=247.0 date=2026-10-09T20:40:28.974Z rate=1.00 status=playing
2026-10-09 16:40:35 [align] probe gen=B730E710 t=254.5 media=248.0 date=2026-10-09T20:40:29.974Z rate=1.00 status=playing
2026-10-09 16:40:36 [align] probe gen=B730E710 t=255.5 media=249.0 date=2026-10-09T20:40:30.975Z rate=1.00 status=playing
2026-10-09 16:40:37 [align] probe gen=B730E710 t=256.5 media=250.0 date=2026-10-09T20:40:31.975Z rate=1.00 status=playing
2026-10-09 16:40:38 [align] probe gen=B730E710 t=257.5 media=251.0 date=2026-10-09T20:40:32.975Z rate=1.00 status=playing
2026-10-09 16:40:39 [align] probe gen=B730E710 t=258.5 media=252.0 date=2026-10-09T20:40:33.966Z rate=1.00 status=playing
2026-10-09 16:40:40 [align] probe gen=B730E710 t=259.5 media=253.0 date=2026-10-09T20:40:34.969Z rate=1.00 status=playing
2026-10-09 16:40:41 [align] probe gen=B730E710 t=260.5 media=254.0 date=2026-10-09T20:40:35.974Z rate=1.00 status=playing
2026-10-09 16:40:42 [align] probe gen=B730E710 t=261.5 media=255.0 date=2026-10-09T20:40:36.974Z rate=1.00 status=playing
2026-10-09 16:40:43 [align] probe gen=B730E710 t=262.5 media=256.0 date=2026-10-09T20:40:37.974Z rate=1.00 status=playing
2026-10-09 16:40:44 [align] probe gen=B730E710 t=263.5 media=257.0 date=2026-10-09T20:40:38.974Z rate=1.00 status=playing
2026-10-09 16:40:45 [align] probe gen=B730E710 t=264.5 media=258.0 date=2026-10-09T20:40:39.964Z rate=1.00 status=playing
2026-10-09 16:40:46 [align] probe gen=B730E710 t=265.5 media=259.0 date=2026-10-09T20:40:40.964Z rate=1.00 status=playing
2026-10-09 16:40:47 [align] probe gen=B730E710 t=266.5 media=260.0 date=2026-10-09T20:40:41.964Z rate=1.00 status=playing
2026-10-09 16:40:48 [align] probe gen=B730E710 t=267.5 media=261.0 date=2026-10-09T20:40:42.964Z rate=1.00 status=playing
2026-10-09 16:40:49 [align] probe gen=B730E710 t=268.5 media=262.0 date=2026-10-09T20:40:43.964Z rate=1.00 status=playing
2026-10-09 16:40:50 [align] probe gen=B730E710 t=269.5 media=263.0 date=2026-10-09T20:40:44.964Z rate=1.00 status=playing
2026-10-09 16:40:51 [align] probe gen=B730E710 t=270.5 media=264.0 date=2026-10-09T20:40:45.964Z rate=1.00 status=playing
2026-10-09 16:40:51 [align] poll n=10 t=270.5 ok entries=10 age=nil
2026-10-09 16:40:52 [align] probe gen=B730E710 t=271.5 media=265.0 date=2026-10-09T20:40:46.964Z rate=1.00 status=playing
2026-10-09 16:40:53 [align] probe gen=B730E710 t=272.5 media=266.0 date=2026-10-09T20:40:47.964Z rate=1.00 status=playing
2026-10-09 16:40:54 [align] probe gen=B730E710 t=273.5 media=267.0 date=2026-10-09T20:40:48.964Z rate=1.00 status=playing
2026-10-09 16:40:55 [align] probe gen=B730E710 t=274.5 media=268.0 date=2026-10-09T20:40:49.964Z rate=1.00 status=playing
2026-10-09 16:40:56 [align] probe gen=B730E710 t=275.5 media=269.0 date=2026-10-09T20:40:50.964Z rate=1.00 status=playing
2026-10-09 16:40:57 [align] probe gen=B730E710 t=276.5 media=270.0 date=2026-10-09T20:40:51.964Z rate=1.00 status=playing
2026-10-09 16:40:58 [align] probe gen=B730E710 t=277.5 media=271.0 date=2026-10-09T20:40:52.963Z rate=1.00 status=playing
2026-10-09 16:40:59 [align] probe gen=B730E710 t=278.5 media=272.0 date=2026-10-09T20:40:53.963Z rate=1.00 status=playing
2026-10-09 16:41:00 [align] probe gen=B730E710 t=279.5 media=273.0 date=2026-10-09T20:40:54.963Z rate=1.00 status=playing
2026-10-09 16:41:01 [align] probe gen=B730E710 t=280.5 media=274.0 date=2026-10-09T20:40:55.963Z rate=1.00 status=playing
2026-10-09 16:41:02 [align] probe gen=B730E710 t=281.5 media=275.0 date=2026-10-09T20:40:56.963Z rate=1.00 status=playing
2026-10-09 16:41:03 [align] probe gen=B730E710 t=282.5 media=276.0 date=2026-10-09T20:40:57.962Z rate=1.00 status=playing
2026-10-09 16:41:04 [align] probe gen=B730E710 t=283.5 media=277.0 date=2026-10-09T20:40:58.962Z rate=1.00 status=playing
2026-10-09 16:41:05 [align] probe gen=B730E710 t=284.5 media=278.0 date=2026-10-09T20:40:59.962Z rate=1.00 status=playing
2026-10-09 16:41:06 [align] probe gen=B730E710 t=285.5 media=279.0 date=2026-10-09T20:41:00.962Z rate=1.00 status=playing
2026-10-09 16:41:07 [align] probe gen=B730E710 t=286.5 media=280.0 date=2026-10-09T20:41:01.962Z rate=1.00 status=playing
2026-10-09 16:41:08 [align] probe gen=B730E710 t=287.5 media=281.0 date=2026-10-09T20:41:02.962Z rate=1.00 status=playing
2026-10-09 16:41:09 [align] probe gen=B730E710 t=288.5 media=282.0 date=2026-10-09T20:41:03.962Z rate=1.00 status=playing
2026-10-09 16:41:10 [align] probe gen=B730E710 t=289.5 media=283.0 date=2026-10-09T20:41:04.961Z rate=1.00 status=playing
2026-10-09 16:41:11 [align] probe gen=B730E710 t=290.5 media=284.0 date=2026-10-09T20:41:05.961Z rate=1.00 status=playing
2026-10-09 16:41:11 [align] decision t=290.5 candidate="Steal the Sun — Tony Christie" songSec=0.0 reason=estimated +160s; not verified audible
2026-10-09 16:41:12 [align] probe gen=B730E710 t=291.5 media=285.0 date=2026-10-09T20:41:06.961Z rate=1.00 status=playing
2026-10-09 16:41:13 [align] probe gen=B730E710 t=292.5 media=286.0 date=2026-10-09T20:41:07.961Z rate=1.00 status=playing
2026-10-09 16:41:14 [align] probe gen=B730E710 t=293.5 media=287.0 date=2026-10-09T20:41:08.961Z rate=1.00 status=playing
2026-10-09 16:41:15 [align] probe gen=B730E710 t=294.5 media=288.0 date=2026-10-09T20:41:09.960Z rate=1.00 status=playing
2026-10-09 16:41:16 [align] probe gen=B730E710 t=295.5 media=289.0 date=2026-10-09T20:41:10.960Z rate=1.00 status=playing
2026-10-09 16:41:17 [align] probe gen=B730E710 t=296.5 media=290.0 date=2026-10-09T20:41:11.960Z rate=1.00 status=playing
2026-10-09 16:41:18 [align] probe gen=B730E710 t=297.5 media=291.0 date=2026-10-09T20:41:12.960Z rate=1.00 status=playing
2026-10-09 16:41:19 [align] probe gen=B730E710 t=298.5 media=292.0 date=2026-10-09T20:41:13.960Z rate=1.00 status=playing
2026-10-09 16:41:20 [align] probe gen=B730E710 t=299.5 media=293.0 date=2026-10-09T20:41:14.960Z rate=1.00 status=playing
2026-10-09 16:41:21 [align] probe gen=B730E710 t=300.5 media=294.0 date=2026-10-09T20:41:15.959Z rate=1.00 status=playing
2026-10-09 16:41:21 [align] summary samples=298 polls=11 pollFailures=1 firstClock=6.4 sampleGapMax=1.1 pollGapMax=30.1 tailSampleGap=0.0 tailPollGap=0.0 rate=1.00-1.00
2026-10-09 16:41:21 [align] summary clockInvalid=none
2026-10-09 16:41:21 [align] summary window start=0 media=293.0 elapsed=293.1 ratio=1.000
2026-10-09 16:41:21 [align] verdict passed=false failures=1 kind=checkpoint
2026-10-09 16:41:21 [align] verdict - poll attempts 11 below 58
2026-10-09 16:41:21 [align] poll n=11 t=300.5 ok entries=10 age=30.0
2026-10-09 16:41:22 [align] probe gen=B730E710 t=301.5 media=295.0 date=2026-10-09T20:41:16.959Z rate=1.00 status=playing
2026-10-09 16:41:23 [align] probe gen=B730E710 t=302.5 media=296.0 date=2026-10-09T20:41:17.959Z rate=1.00 status=playing
2026-10-09 16:41:24 [align] probe gen=B730E710 t=303.5 media=297.0 date=2026-10-09T20:41:18.959Z rate=1.00 status=playing
2026-10-09 16:41:25 [align] probe gen=B730E710 t=304.5 media=298.0 date=2026-10-09T20:41:19.959Z rate=1.00 status=playing
2026-10-09 16:41:26 [align] probe gen=B730E710 t=305.5 media=299.0 date=2026-10-09T20:41:20.959Z rate=1.00 status=playing
2026-10-09 16:41:27 [align] probe gen=B730E710 t=306.5 media=300.0 date=2026-10-09T20:41:21.959Z rate=1.00 status=playing
2026-10-09 16:41:28 [align] probe gen=B730E710 t=307.5 media=301.0 date=2026-10-09T20:41:22.958Z rate=1.00 status=playing
2026-10-09 16:41:29 [align] probe gen=B730E710 t=308.5 media=302.0 date=2026-10-09T20:41:23.958Z rate=1.00 status=playing
2026-10-09 16:41:30 [align] probe gen=B730E710 t=309.5 media=303.0 date=2026-10-09T20:41:24.958Z rate=1.00 status=playing
2026-10-09 16:41:31 [align] probe gen=B730E710 t=310.5 media=304.0 date=2026-10-09T20:41:25.958Z rate=1.00 status=playing
2026-10-09 16:41:32 [align] probe gen=B730E710 t=311.5 media=305.0 date=2026-10-09T20:41:26.958Z rate=1.00 status=playing
2026-10-09 16:41:33 [align] probe gen=B730E710 t=312.5 media=306.0 date=2026-10-09T20:41:27.958Z rate=1.00 status=playing
2026-10-09 16:41:34 [align] probe gen=B730E710 t=313.5 media=307.0 date=2026-10-09T20:41:28.958Z rate=1.00 status=playing
2026-10-09 16:41:35 [align] probe gen=B730E710 t=314.5 media=308.0 date=2026-10-09T20:41:29.958Z rate=1.00 status=playing
2026-10-09 16:41:36 [align] probe gen=B730E710 t=315.5 media=309.0 date=2026-10-09T20:41:30.958Z rate=1.00 status=playing
2026-10-09 16:41:37 [align] probe gen=B730E710 t=316.5 media=310.0 date=2026-10-09T20:41:31.958Z rate=1.00 status=playing
2026-10-09 16:41:38 [align] probe gen=B730E710 t=317.5 media=311.0 date=2026-10-09T20:41:32.958Z rate=1.00 status=playing
2026-10-09 16:41:39 [align] probe gen=B730E710 t=318.5 media=312.0 date=2026-10-09T20:41:33.958Z rate=1.00 status=playing
2026-10-09 16:41:40 [align] probe gen=B730E710 t=319.5 media=313.0 date=2026-10-09T20:41:34.957Z rate=1.00 status=playing
2026-10-09 16:41:41 [align] probe gen=B730E710 t=320.5 media=314.0 date=2026-10-09T20:41:35.957Z rate=1.00 status=playing
2026-10-09 16:41:42 [align] probe gen=B730E710 t=321.5 media=315.0 date=2026-10-09T20:41:36.957Z rate=1.00 status=playing
2026-10-09 16:41:43 [align] probe gen=B730E710 t=322.5 media=316.0 date=2026-10-09T20:41:37.957Z rate=1.00 status=playing
2026-10-09 16:41:44 [align] probe gen=B730E710 t=323.5 media=317.0 date=2026-10-09T20:41:38.957Z rate=1.00 status=playing
2026-10-09 16:41:45 [align] probe gen=B730E710 t=324.5 media=318.0 date=2026-10-09T20:41:39.956Z rate=1.00 status=playing
2026-10-09 16:41:46 [align] probe gen=B730E710 t=325.5 media=319.0 date=2026-10-09T20:41:40.956Z rate=1.00 status=playing
2026-10-09 16:41:47 [align] probe gen=B730E710 t=326.5 media=320.0 date=2026-10-09T20:41:41.956Z rate=1.00 status=playing
2026-10-09 16:41:48 [align] probe gen=B730E710 t=327.5 media=321.0 date=2026-10-09T20:41:42.956Z rate=1.00 status=playing
2026-10-09 16:41:49 [align] probe gen=B730E710 t=328.5 media=322.0 date=2026-10-09T20:41:43.956Z rate=1.00 status=playing
2026-10-09 16:41:50 [align] probe gen=B730E710 t=329.5 media=323.0 date=2026-10-09T20:41:44.956Z rate=1.00 status=playing
2026-10-09 16:41:51 [align] probe gen=B730E710 t=330.5 media=324.0 date=2026-10-09T20:41:45.955Z rate=1.00 status=playing
2026-10-09 16:41:51 [align] poll n=12 t=330.5 ok entries=10 age=nil
2026-10-09 16:41:52 [align] probe gen=B730E710 t=331.5 media=325.0 date=2026-10-09T20:41:46.955Z rate=1.00 status=playing
2026-10-09 16:41:53 [align] probe gen=B730E710 t=332.5 media=326.0 date=2026-10-09T20:41:47.955Z rate=1.00 status=playing
2026-10-09 16:41:54 [align] probe gen=B730E710 t=333.5 media=327.0 date=2026-10-09T20:41:48.955Z rate=1.00 status=playing
2026-10-09 16:41:55 [align] probe gen=B730E710 t=334.5 media=328.0 date=2026-10-09T20:41:49.955Z rate=1.00 status=playing
2026-10-09 16:41:56 [align] probe gen=B730E710 t=335.5 media=329.0 date=2026-10-09T20:41:50.955Z rate=1.00 status=playing
2026-10-09 16:41:57 [align] probe gen=B730E710 t=336.5 media=330.0 date=2026-10-09T20:41:51.955Z rate=1.00 status=playing
2026-10-09 16:41:58 [align] probe gen=B730E710 t=337.5 media=331.0 date=2026-10-09T20:41:52.954Z rate=1.00 status=playing
2026-10-09 16:41:59 [align] probe gen=B730E710 t=338.5 media=332.0 date=2026-10-09T20:41:53.954Z rate=1.00 status=playing
2026-10-09 16:42:00 [align] probe gen=B730E710 t=339.5 media=333.0 date=2026-10-09T20:41:54.954Z rate=1.00 status=playing
2026-10-09 16:42:01 [align] probe gen=B730E710 t=340.5 media=334.0 date=2026-10-09T20:41:55.954Z rate=1.00 status=playing
2026-10-09 16:42:02 [align] probe gen=B730E710 t=341.5 media=335.0 date=2026-10-09T20:41:56.954Z rate=1.00 status=playing
2026-10-09 16:42:03 [align] probe gen=B730E710 t=342.5 media=336.0 date=2026-10-09T20:41:57.954Z rate=1.00 status=playing
2026-10-09 16:42:04 [align] probe gen=B730E710 t=343.5 media=337.0 date=2026-10-09T20:41:58.953Z rate=1.00 status=playing
2026-10-09 16:42:05 [align] probe gen=B730E710 t=344.5 media=338.0 date=2026-10-09T20:41:59.953Z rate=1.00 status=playing
2026-10-09 16:42:06 [align] probe gen=B730E710 t=345.5 media=339.0 date=2026-10-09T20:42:00.953Z rate=1.00 status=playing
2026-10-09 16:42:07 [align] probe gen=B730E710 t=346.5 media=340.0 date=2026-10-09T20:42:01.953Z rate=1.00 status=playing
2026-10-09 16:42:08 [align] probe gen=B730E710 t=347.5 media=341.0 date=2026-10-09T20:42:02.953Z rate=1.00 status=playing
2026-10-09 16:42:09 [align] probe gen=B730E710 t=348.5 media=342.0 date=2026-10-09T20:42:03.953Z rate=1.00 status=playing
2026-10-09 16:42:10 [align] probe gen=B730E710 t=349.5 media=343.0 date=2026-10-09T20:42:04.953Z rate=1.00 status=playing
2026-10-09 16:42:11 [align] probe gen=B730E710 t=350.5 media=344.0 date=2026-10-09T20:42:05.953Z rate=1.00 status=playing
2026-10-09 16:42:12 [align] probe gen=B730E710 t=351.5 media=345.0 date=2026-10-09T20:42:06.952Z rate=1.00 status=playing
2026-10-09 16:42:13 [align] probe gen=B730E710 t=352.5 media=346.0 date=2026-10-09T20:42:07.953Z rate=1.00 status=playing
2026-10-09 16:42:14 [align] probe gen=B730E710 t=353.5 media=347.0 date=2026-10-09T20:42:08.953Z rate=1.00 status=playing
2026-10-09 16:42:15 [align] probe gen=B730E710 t=354.5 media=348.0 date=2026-10-09T20:42:09.952Z rate=1.00 status=playing
2026-10-09 16:42:16 [align] probe gen=B730E710 t=355.5 media=349.0 date=2026-10-09T20:42:10.952Z rate=1.00 status=playing
2026-10-09 16:42:17 [align] probe gen=B730E710 t=356.5 media=350.0 date=2026-10-09T20:42:11.952Z rate=1.00 status=playing
2026-10-09 16:42:18 [align] probe gen=B730E710 t=357.5 media=351.0 date=2026-10-09T20:42:12.952Z rate=1.00 status=playing
2026-10-09 16:42:19 [align] probe gen=B730E710 t=358.5 media=352.0 date=2026-10-09T20:42:13.952Z rate=1.00 status=playing
2026-10-09 16:42:20 [align] probe gen=B730E710 t=359.5 media=353.0 date=2026-10-09T20:42:14.952Z rate=1.00 status=playing
2026-10-09 16:42:21 [align] probe gen=B730E710 t=360.5 media=354.0 date=2026-10-09T20:42:15.951Z rate=1.00 status=playing
2026-10-09 16:42:21 [align] poll n=13 t=360.5 ok entries=10 age=30.0
2026-10-09 16:42:22 [align] probe gen=B730E710 t=361.5 media=355.0 date=2026-10-09T20:42:16.951Z rate=1.00 status=playing
2026-10-09 16:42:23 [align] probe gen=B730E710 t=362.5 media=356.0 date=2026-10-09T20:42:17.951Z rate=1.00 status=playing
2026-10-09 16:42:24 [align] probe gen=B730E710 t=363.5 media=357.0 date=2026-10-09T20:42:18.951Z rate=1.00 status=playing
2026-10-09 16:42:25 [align] probe gen=B730E710 t=364.5 media=358.0 date=2026-10-09T20:42:19.951Z rate=1.00 status=playing
2026-10-09 16:42:26 [align] probe gen=B730E710 t=365.5 media=359.0 date=2026-10-09T20:42:20.951Z rate=1.00 status=playing
2026-10-09 16:42:27 [align] probe gen=B730E710 t=366.5 media=360.0 date=2026-10-09T20:42:21.951Z rate=1.00 status=playing
2026-10-09 16:42:28 [align] probe gen=B730E710 t=367.5 media=361.0 date=2026-10-09T20:42:22.950Z rate=1.00 status=playing
2026-10-09 16:42:29 [align] probe gen=B730E710 t=368.5 media=362.0 date=2026-10-09T20:42:23.950Z rate=1.00 status=playing
2026-10-09 16:42:30 [align] probe gen=B730E710 t=369.5 media=363.0 date=2026-10-09T20:42:24.950Z rate=1.00 status=playing
2026-10-09 16:42:31 [align] probe gen=B730E710 t=370.5 media=364.0 date=2026-10-09T20:42:25.950Z rate=1.00 status=playing
2026-10-09 16:42:32 [align] probe gen=B730E710 t=371.5 media=365.0 date=2026-10-09T20:42:26.950Z rate=1.00 status=playing
2026-10-09 16:42:33 [align] probe gen=B730E710 t=372.5 media=366.0 date=2026-10-09T20:42:27.949Z rate=1.00 status=playing
2026-10-09 16:42:34 [align] probe gen=B730E710 t=373.5 media=367.0 date=2026-10-09T20:42:28.949Z rate=1.00 status=playing
2026-10-09 16:42:35 [align] probe gen=B730E710 t=374.5 media=368.0 date=2026-10-09T20:42:29.949Z rate=1.00 status=playing
2026-10-09 16:42:36 [align] probe gen=B730E710 t=375.5 media=369.0 date=2026-10-09T20:42:30.949Z rate=1.00 status=playing
2026-10-09 16:42:37 [align] probe gen=B730E710 t=376.5 media=370.0 date=2026-10-09T20:42:31.959Z rate=1.00 status=playing
2026-10-09 16:42:38 [align] probe gen=B730E710 t=377.5 media=371.0 date=2026-10-09T20:42:32.949Z rate=1.00 status=playing
2026-10-09 16:42:39 [align] probe gen=B730E710 t=378.5 media=372.0 date=2026-10-09T20:42:33.949Z rate=1.00 status=playing
2026-10-09 16:42:40 [align] probe gen=B730E710 t=379.5 media=373.0 date=2026-10-09T20:42:34.948Z rate=1.00 status=playing
2026-10-09 16:42:41 [align] probe gen=B730E710 t=380.5 media=374.0 date=2026-10-09T20:42:35.948Z rate=1.00 status=playing
2026-10-09 16:42:42 [align] probe gen=B730E710 t=381.5 media=375.0 date=2026-10-09T20:42:36.948Z rate=1.00 status=playing
2026-10-09 16:42:43 [align] probe gen=B730E710 t=382.5 media=376.0 date=2026-10-09T20:42:37.948Z rate=1.00 status=playing
2026-10-09 16:42:44 [align] probe gen=B730E710 t=383.5 media=377.0 date=2026-10-09T20:42:38.948Z rate=1.00 status=playing
2026-10-09 16:42:45 [align] probe gen=B730E710 t=384.5 media=378.0 date=2026-10-09T20:42:39.948Z rate=1.00 status=playing
2026-10-09 16:42:46 [align] probe gen=B730E710 t=385.5 media=379.0 date=2026-10-09T20:42:40.948Z rate=1.00 status=playing
2026-10-09 16:42:47 [align] probe gen=B730E710 t=386.5 media=380.0 date=2026-10-09T20:42:41.948Z rate=1.00 status=playing
2026-10-09 16:42:48 [align] probe gen=B730E710 t=387.5 media=381.0 date=2026-10-09T20:42:42.948Z rate=1.00 status=playing
2026-10-09 16:42:49 [align] probe gen=B730E710 t=388.5 media=382.0 date=2026-10-09T20:42:43.948Z rate=1.00 status=playing
2026-10-09 16:42:50 [align] probe gen=B730E710 t=389.5 media=383.0 date=2026-10-09T20:42:44.948Z rate=1.00 status=playing
2026-10-09 16:42:51 [align] probe gen=B730E710 t=390.5 media=384.0 date=2026-10-09T20:42:45.947Z rate=1.00 status=playing
2026-10-09 16:42:51 [align] poll n=14 t=390.5 ok entries=10 age=60.0
2026-10-09 16:42:52 [align] probe gen=B730E710 t=391.5 media=385.0 date=2026-10-09T20:42:46.947Z rate=1.00 status=playing
2026-10-09 16:42:53 [align] probe gen=B730E710 t=392.5 media=386.0 date=2026-10-09T20:42:47.947Z rate=1.00 status=playing
2026-10-09 16:42:54 [align] probe gen=B730E710 t=393.5 media=387.0 date=2026-10-09T20:42:48.947Z rate=1.00 status=playing
2026-10-09 16:42:55 [align] probe gen=B730E710 t=394.5 media=388.0 date=2026-10-09T20:42:49.947Z rate=1.00 status=playing
2026-10-09 16:42:56 [align] probe gen=B730E710 t=395.5 media=389.0 date=2026-10-09T20:42:50.947Z rate=1.00 status=playing
2026-10-09 16:42:57 [align] probe gen=B730E710 t=396.5 media=390.0 date=2026-10-09T20:42:51.947Z rate=1.00 status=playing
2026-10-09 16:42:58 [align] probe gen=B730E710 t=397.5 media=391.0 date=2026-10-09T20:42:52.946Z rate=1.00 status=playing
2026-10-09 16:42:59 [align] probe gen=B730E710 t=398.5 media=392.0 date=2026-10-09T20:42:53.946Z rate=1.00 status=playing
2026-10-09 16:43:00 [align] probe gen=B730E710 t=399.5 media=393.0 date=2026-10-09T20:42:54.946Z rate=1.00 status=playing
2026-10-09 16:43:01 [align] probe gen=B730E710 t=400.5 media=394.0 date=2026-10-09T20:42:55.946Z rate=1.00 status=playing
2026-10-09 16:43:02 [align] probe gen=B730E710 t=401.5 media=395.0 date=2026-10-09T20:42:56.946Z rate=1.00 status=playing
2026-10-09 16:43:03 [align] probe gen=B730E710 t=402.5 media=396.0 date=2026-10-09T20:42:57.945Z rate=1.00 status=playing
2026-10-09 16:43:04 [align] probe gen=B730E710 t=403.5 media=397.0 date=2026-10-09T20:42:58.945Z rate=1.00 status=playing
2026-10-09 16:43:05 [align] probe gen=B730E710 t=404.5 media=398.0 date=2026-10-09T20:42:59.945Z rate=1.00 status=playing
2026-10-09 16:43:06 [align] probe gen=B730E710 t=405.5 media=399.0 date=2026-10-09T20:43:00.945Z rate=1.00 status=playing
2026-10-09 16:43:07 [align] probe gen=B730E710 t=406.5 media=400.0 date=2026-10-09T20:43:01.945Z rate=1.00 status=playing
2026-10-09 16:43:08 [align] probe gen=B730E710 t=407.5 media=401.0 date=2026-10-09T20:43:02.945Z rate=1.00 status=playing
2026-10-09 16:43:09 [align] probe gen=B730E710 t=408.5 media=402.0 date=2026-10-09T20:43:03.945Z rate=1.00 status=playing
2026-10-09 16:43:10 [align] probe gen=B730E710 t=409.5 media=403.0 date=2026-10-09T20:43:04.944Z rate=1.00 status=playing
2026-10-09 16:43:11 [align] probe gen=B730E710 t=410.5 media=404.0 date=2026-10-09T20:43:05.944Z rate=1.00 status=playing
2026-10-09 16:43:12 [align] probe gen=B730E710 t=411.5 media=405.0 date=2026-10-09T20:43:06.944Z rate=1.00 status=playing
2026-10-09 16:43:13 [align] probe gen=B730E710 t=412.5 media=406.0 date=2026-10-09T20:43:07.944Z rate=1.00 status=playing
2026-10-09 16:43:14 [align] probe gen=B730E710 t=413.5 media=407.0 date=2026-10-09T20:43:08.944Z rate=1.00 status=playing
2026-10-09 16:43:15 [align] probe gen=B730E710 t=414.5 media=408.0 date=2026-10-09T20:43:09.943Z rate=1.00 status=playing
2026-10-09 16:43:16 [align] probe gen=B730E710 t=415.5 media=409.0 date=2026-10-09T20:43:10.943Z rate=1.00 status=playing
2026-10-09 16:43:17 [align] probe gen=B730E710 t=416.5 media=410.0 date=2026-10-09T20:43:11.943Z rate=1.00 status=playing
2026-10-09 16:43:18 [align] probe gen=B730E710 t=417.5 media=411.0 date=2026-10-09T20:43:12.943Z rate=1.00 status=playing
2026-10-09 16:43:19 [align] probe gen=B730E710 t=418.5 media=412.0 date=2026-10-09T20:43:13.943Z rate=1.00 status=playing
2026-10-09 16:43:20 [align] probe gen=B730E710 t=419.5 media=413.0 date=2026-10-09T20:43:14.943Z rate=1.00 status=playing
2026-10-09 16:43:21 [align] probe gen=B730E710 t=420.5 media=414.0 date=2026-10-09T20:43:15.943Z rate=1.00 status=playing
2026-10-09 16:43:21 [align] poll n=15 t=420.6 ok entries=10 age=nil
2026-10-09 16:43:22 [align] probe gen=B730E710 t=421.5 media=415.0 date=2026-10-09T20:43:16.943Z rate=1.00 status=playing
2026-10-09 16:43:23 [align] probe gen=B730E710 t=422.5 media=416.0 date=2026-10-09T20:43:17.943Z rate=1.00 status=playing
2026-10-09 16:43:24 [align] probe gen=B730E710 t=423.5 media=417.0 date=2026-10-09T20:43:18.943Z rate=1.00 status=playing
2026-10-09 16:43:25 [align] probe gen=B730E710 t=424.5 media=418.0 date=2026-10-09T20:43:19.944Z rate=1.00 status=playing
2026-10-09 16:43:26 [align] probe gen=B730E710 t=425.5 media=419.0 date=2026-10-09T20:43:20.943Z rate=1.00 status=playing
2026-10-09 16:43:27 [align] probe gen=B730E710 t=426.5 media=420.0 date=2026-10-09T20:43:21.943Z rate=1.00 status=playing
2026-10-09 16:43:28 [align] probe gen=B730E710 t=427.5 media=421.0 date=2026-10-09T20:43:22.942Z rate=1.00 status=playing
2026-10-09 16:43:29 [align] probe gen=B730E710 t=428.5 media=422.0 date=2026-10-09T20:43:23.942Z rate=1.00 status=playing
2026-10-09 16:43:30 [align] probe gen=B730E710 t=429.5 media=423.0 date=2026-10-09T20:43:24.942Z rate=1.00 status=playing
2026-10-09 16:43:31 [align] probe gen=B730E710 t=430.5 media=424.0 date=2026-10-09T20:43:25.942Z rate=1.00 status=playing
2026-10-09 16:43:32 [align] probe gen=B730E710 t=431.5 media=425.0 date=2026-10-09T20:43:26.942Z rate=1.00 status=playing
2026-10-09 16:43:33 [align] probe gen=B730E710 t=432.5 media=426.0 date=2026-10-09T20:43:27.941Z rate=1.00 status=playing
2026-10-09 16:43:34 [align] probe gen=B730E710 t=433.5 media=427.0 date=2026-10-09T20:43:28.941Z rate=1.00 status=playing
2026-10-09 16:43:35 [align] probe gen=B730E710 t=434.5 media=428.0 date=2026-10-09T20:43:29.941Z rate=1.00 status=playing
2026-10-09 16:43:36 [align] probe gen=B730E710 t=435.5 media=429.0 date=2026-10-09T20:43:30.941Z rate=1.00 status=playing
2026-10-09 16:43:37 [align] probe gen=B730E710 t=436.5 media=430.0 date=2026-10-09T20:43:31.941Z rate=1.00 status=playing
2026-10-09 16:43:38 [align] probe gen=B730E710 t=437.5 media=431.0 date=2026-10-09T20:43:32.941Z rate=1.00 status=playing
2026-10-09 16:43:39 [align] probe gen=B730E710 t=438.5 media=432.0 date=2026-10-09T20:43:33.941Z rate=1.00 status=playing
2026-10-09 16:43:40 [align] probe gen=B730E710 t=439.5 media=433.0 date=2026-10-09T20:43:34.940Z rate=1.00 status=playing
2026-10-09 16:43:41 [align] probe gen=B730E710 t=440.5 media=434.0 date=2026-10-09T20:43:35.940Z rate=1.00 status=playing
2026-10-09 16:43:42 [align] probe gen=B730E710 t=441.5 media=435.0 date=2026-10-09T20:43:36.940Z rate=1.00 status=playing
2026-10-09 16:43:43 [align] probe gen=B730E710 t=442.5 media=436.0 date=2026-10-09T20:43:37.940Z rate=1.00 status=playing
2026-10-09 16:43:44 [align] probe gen=B730E710 t=443.5 media=437.0 date=2026-10-09T20:43:38.940Z rate=1.00 status=playing
2026-10-09 16:43:45 [align] probe gen=B730E710 t=444.5 media=438.0 date=2026-10-09T20:43:39.939Z rate=1.00 status=playing
2026-10-09 16:43:46 [align] probe gen=B730E710 t=445.5 media=439.0 date=2026-10-09T20:43:40.939Z rate=1.00 status=playing
2026-10-09 16:43:47 [align] probe gen=B730E710 t=446.5 media=440.0 date=2026-10-09T20:43:41.939Z rate=1.00 status=playing
2026-10-09 16:43:48 [align] probe gen=B730E710 t=447.5 media=441.0 date=2026-10-09T20:43:42.939Z rate=1.00 status=playing
2026-10-09 16:43:49 [align] probe gen=B730E710 t=448.5 media=442.0 date=2026-10-09T20:43:43.939Z rate=1.00 status=playing
2026-10-09 16:43:50 [align] probe gen=B730E710 t=449.5 media=443.0 date=2026-10-09T20:43:44.939Z rate=1.00 status=playing
2026-10-09 16:43:51 [align] probe gen=B730E710 t=450.5 media=444.0 date=2026-10-09T20:43:45.938Z rate=1.00 status=playing
2026-10-09 16:43:51 [align] poll n=16 t=451.0 ok entries=10 age=31.0
2026-10-09 16:43:52 [align] probe gen=B730E710 t=451.5 media=445.0 date=2026-10-09T20:43:46.939Z rate=1.00 status=playing
2026-10-09 16:43:53 [align] probe gen=B730E710 t=452.5 media=446.0 date=2026-10-09T20:43:47.938Z rate=1.00 status=playing
2026-10-09 16:43:54 [align] probe gen=B730E710 t=453.5 media=447.0 date=2026-10-09T20:43:48.939Z rate=1.00 status=playing
2026-10-09 16:43:55 [align] probe gen=B730E710 t=454.5 media=448.0 date=2026-10-09T20:43:49.938Z rate=1.00 status=playing
2026-10-09 16:43:56 [align] probe gen=B730E710 t=455.5 media=449.0 date=2026-10-09T20:43:50.938Z rate=1.00 status=playing
2026-10-09 16:43:57 [align] probe gen=B730E710 t=456.5 media=450.0 date=2026-10-09T20:43:51.938Z rate=1.00 status=playing
2026-10-09 16:43:58 [align] probe gen=B730E710 t=457.5 media=451.0 date=2026-10-09T20:43:52.938Z rate=1.00 status=playing
2026-10-09 16:43:59 [align] probe gen=B730E710 t=458.5 media=452.0 date=2026-10-09T20:43:53.937Z rate=1.00 status=playing
2026-10-09 16:44:00 [align] probe gen=B730E710 t=459.5 media=453.0 date=2026-10-09T20:43:54.937Z rate=1.00 status=playing
2026-10-09 16:44:01 [align] probe gen=B730E710 t=460.5 media=454.0 date=2026-10-09T20:43:55.937Z rate=1.00 status=playing
2026-10-09 16:44:02 [align] probe gen=B730E710 t=461.5 media=455.0 date=2026-10-09T20:43:56.937Z rate=1.00 status=playing
2026-10-09 16:44:03 [align] probe gen=B730E710 t=462.5 media=456.0 date=2026-10-09T20:43:57.937Z rate=1.00 status=playing
2026-10-09 16:44:04 [align] probe gen=B730E710 t=463.5 media=457.0 date=2026-10-09T20:43:58.937Z rate=1.00 status=playing
2026-10-09 16:44:05 [align] probe gen=B730E710 t=464.5 media=458.0 date=2026-10-09T20:43:59.937Z rate=1.00 status=playing
2026-10-09 16:44:06 [align] probe gen=B730E710 t=465.5 media=459.0 date=2026-10-09T20:44:00.937Z rate=1.00 status=playing
2026-10-09 16:44:07 [align] probe gen=B730E710 t=466.5 media=460.0 date=2026-10-09T20:44:01.937Z rate=1.00 status=playing
2026-10-09 16:44:08 [align] probe gen=B730E710 t=467.5 media=461.0 date=2026-10-09T20:44:02.937Z rate=1.00 status=playing
2026-10-09 16:44:09 [align] probe gen=B730E710 t=468.5 media=462.0 date=2026-10-09T20:44:03.937Z rate=1.00 status=playing
2026-10-09 16:44:10 [align] probe gen=B730E710 t=469.5 media=463.0 date=2026-10-09T20:44:04.936Z rate=1.00 status=playing
2026-10-09 16:44:11 [align] probe gen=B730E710 t=470.5 media=464.0 date=2026-10-09T20:44:05.936Z rate=1.00 status=playing
2026-10-09 16:44:12 [align] probe gen=B730E710 t=471.5 media=465.0 date=2026-10-09T20:44:06.936Z rate=1.00 status=playing
2026-10-09 16:44:13 [align] probe gen=B730E710 t=472.5 media=466.0 date=2026-10-09T20:44:07.936Z rate=1.00 status=playing
2026-10-09 16:44:14 [align] probe gen=B730E710 t=473.5 media=467.0 date=2026-10-09T20:44:08.936Z rate=1.00 status=playing
2026-10-09 16:44:15 [align] probe gen=B730E710 t=474.5 media=468.0 date=2026-10-09T20:44:09.935Z rate=1.00 status=playing
2026-10-09 16:44:16 [align] probe gen=B730E710 t=475.5 media=469.0 date=2026-10-09T20:44:10.935Z rate=1.00 status=playing
2026-10-09 16:44:17 [align] probe gen=B730E710 t=476.5 media=470.0 date=2026-10-09T20:44:11.935Z rate=1.00 status=playing
2026-10-09 16:44:18 [align] probe gen=B730E710 t=477.5 media=471.0 date=2026-10-09T20:44:12.935Z rate=1.00 status=playing
2026-10-09 16:44:19 [align] probe gen=B730E710 t=478.5 media=472.0 date=2026-10-09T20:44:13.935Z rate=1.00 status=playing
2026-10-09 16:44:20 [align] probe gen=B730E710 t=479.5 media=473.0 date=2026-10-09T20:44:14.935Z rate=1.00 status=playing
2026-10-09 16:44:21 [align] probe gen=B730E710 t=480.5 media=474.0 date=2026-10-09T20:44:15.934Z rate=1.00 status=playing
2026-10-09 16:44:22 [align] poll n=17 t=481.1 ok entries=10 age=nil
2026-10-09 16:44:22 [align] probe gen=B730E710 t=481.5 media=475.0 date=2026-10-09T20:44:16.934Z rate=1.00 status=playing
2026-10-09 16:44:23 [align] probe gen=B730E710 t=482.5 media=476.0 date=2026-10-09T20:44:17.934Z rate=1.00 status=playing
2026-10-09 16:44:24 [align] probe gen=B730E710 t=483.5 media=477.0 date=2026-10-09T20:44:18.934Z rate=1.00 status=playing
2026-10-09 16:44:25 [align] probe gen=B730E710 t=484.5 media=478.0 date=2026-10-09T20:44:19.934Z rate=1.00 status=playing
2026-10-09 16:44:26 [align] probe gen=B730E710 t=485.5 media=479.0 date=2026-10-09T20:44:20.934Z rate=1.00 status=playing
2026-10-09 16:44:27 [align] probe gen=B730E710 t=486.5 media=480.0 date=2026-10-09T20:44:21.934Z rate=1.00 status=playing
2026-10-09 16:44:28 [align] probe gen=B730E710 t=487.5 media=481.0 date=2026-10-09T20:44:22.933Z rate=1.00 status=playing
2026-10-09 16:44:28 [align] decision t=487.5 candidate="Grim Generation — Portugal. The Man" songSec=0.0 reason=estimated +160s; not verified audible
2026-10-09 16:44:29 [align] probe gen=B730E710 t=488.5 media=482.0 date=2026-10-09T20:44:23.933Z rate=1.00 status=playing
2026-10-09 16:44:30 [align] probe gen=B730E710 t=489.5 media=483.0 date=2026-10-09T20:44:24.933Z rate=1.00 status=playing
2026-10-09 16:44:31 [align] probe gen=B730E710 t=490.5 media=484.0 date=2026-10-09T20:44:25.933Z rate=1.00 status=playing
2026-10-09 16:44:32 [align] probe gen=B730E710 t=491.5 media=485.0 date=2026-10-09T20:44:26.933Z rate=1.00 status=playing
2026-10-09 16:44:33 [align] probe gen=B730E710 t=492.5 media=486.0 date=2026-10-09T20:44:27.933Z rate=1.00 status=playing
2026-10-09 16:44:34 [align] probe gen=B730E710 t=493.5 media=487.0 date=2026-10-09T20:44:28.932Z rate=1.00 status=playing
2026-10-09 16:44:35 [align] probe gen=B730E710 t=494.5 media=488.0 date=2026-10-09T20:44:29.933Z rate=1.00 status=playing
2026-10-09 16:44:36 [align] probe gen=B730E710 t=495.5 media=489.0 date=2026-10-09T20:44:30.933Z rate=1.00 status=playing
2026-10-09 16:44:37 [align] probe gen=B730E710 t=496.5 media=490.0 date=2026-10-09T20:44:31.933Z rate=1.00 status=playing
2026-10-09 16:44:38 [align] probe gen=B730E710 t=497.5 media=491.0 date=2026-10-09T20:44:32.933Z rate=1.00 status=playing
2026-10-09 16:44:39 [align] probe gen=B730E710 t=498.5 media=492.0 date=2026-10-09T20:44:33.933Z rate=1.00 status=playing
2026-10-09 16:44:40 [align] probe gen=B730E710 t=499.5 media=493.0 date=2026-10-09T20:44:34.932Z rate=1.00 status=playing
2026-10-09 16:44:41 [align] probe gen=B730E710 t=500.5 media=494.0 date=2026-10-09T20:44:35.932Z rate=1.00 status=playing
2026-10-09 16:44:42 [align] probe gen=B730E710 t=501.5 media=495.0 date=2026-10-09T20:44:36.932Z rate=1.00 status=playing
2026-10-09 16:44:43 [align] probe gen=B730E710 t=502.5 media=496.0 date=2026-10-09T20:44:37.932Z rate=1.00 status=playing
2026-10-09 16:44:44 [align] probe gen=B730E710 t=503.5 media=497.0 date=2026-10-09T20:44:38.932Z rate=1.00 status=playing
2026-10-09 16:44:45 [align] probe gen=B730E710 t=504.5 media=498.0 date=2026-10-09T20:44:39.931Z rate=1.00 status=playing
2026-10-09 16:44:46 [align] probe gen=B730E710 t=505.5 media=499.0 date=2026-10-09T20:44:40.931Z rate=1.00 status=playing
2026-10-09 16:44:47 [align] probe gen=B730E710 t=506.5 media=500.0 date=2026-10-09T20:44:41.931Z rate=1.00 status=playing
2026-10-09 16:44:48 [align] probe gen=B730E710 t=507.5 media=501.0 date=2026-10-09T20:44:42.931Z rate=1.00 status=playing
2026-10-09 16:44:49 [align] probe gen=B730E710 t=508.5 media=502.0 date=2026-10-09T20:44:43.931Z rate=1.00 status=playing
2026-10-09 16:44:50 [align] probe gen=B730E710 t=509.5 media=503.0 date=2026-10-09T20:44:44.931Z rate=1.00 status=playing
2026-10-09 16:44:51 [align] probe gen=B730E710 t=510.5 media=504.0 date=2026-10-09T20:44:45.930Z rate=1.00 status=playing
2026-10-09 16:44:52 [align] poll n=18 t=511.2 ok entries=10 age=30.0
2026-10-09 16:44:52 [align] probe gen=B730E710 t=511.5 media=505.0 date=2026-10-09T20:44:46.930Z rate=1.00 status=playing
2026-10-09 16:44:53 [align] probe gen=B730E710 t=512.5 media=506.0 date=2026-10-09T20:44:47.930Z rate=1.00 status=playing
2026-10-09 16:44:54 [align] probe gen=B730E710 t=513.5 media=507.0 date=2026-10-09T20:44:48.930Z rate=1.00 status=playing
2026-10-09 16:44:55 [align] probe gen=B730E710 t=514.5 media=508.0 date=2026-10-09T20:44:49.930Z rate=1.00 status=playing
2026-10-09 16:44:56 [align] probe gen=B730E710 t=515.5 media=509.0 date=2026-10-09T20:44:50.930Z rate=1.00 status=playing
2026-10-09 16:44:57 [align] probe gen=B730E710 t=516.5 media=510.0 date=2026-10-09T20:44:51.930Z rate=1.00 status=playing
2026-10-09 16:44:58 [align] probe gen=B730E710 t=517.5 media=511.0 date=2026-10-09T20:44:52.929Z rate=1.00 status=playing
2026-10-09 16:44:59 [align] probe gen=B730E710 t=518.5 media=512.0 date=2026-10-09T20:44:53.929Z rate=1.00 status=playing
2026-10-09 16:45:00 [align] probe gen=B730E710 t=519.5 media=513.0 date=2026-10-09T20:44:54.929Z rate=1.00 status=playing
2026-10-09 16:45:01 [align] probe gen=B730E710 t=520.5 media=514.0 date=2026-10-09T20:44:55.929Z rate=1.00 status=playing
2026-10-09 16:45:02 [align] probe gen=B730E710 t=521.5 media=515.0 date=2026-10-09T20:44:56.929Z rate=1.00 status=playing
2026-10-09 16:45:03 [align] probe gen=B730E710 t=522.5 media=516.0 date=2026-10-09T20:44:57.928Z rate=1.00 status=playing
2026-10-09 16:45:04 [align] probe gen=B730E710 t=523.5 media=517.0 date=2026-10-09T20:44:58.928Z rate=1.00 status=playing
2026-10-09 16:45:05 [align] probe gen=B730E710 t=524.5 media=518.0 date=2026-10-09T20:44:59.928Z rate=1.00 status=playing
2026-10-09 16:45:06 [align] probe gen=B730E710 t=525.5 media=519.0 date=2026-10-09T20:45:00.928Z rate=1.00 status=playing
2026-10-09 16:45:07 [align] probe gen=B730E710 t=526.5 media=520.0 date=2026-10-09T20:45:01.928Z rate=1.00 status=playing
2026-10-09 16:45:08 [align] probe gen=B730E710 t=527.5 media=521.0 date=2026-10-09T20:45:02.928Z rate=1.00 status=playing
2026-10-09 16:45:09 [align] probe gen=B730E710 t=528.5 media=522.0 date=2026-10-09T20:45:03.928Z rate=1.00 status=playing
2026-10-09 16:45:10 [align] probe gen=B730E710 t=529.5 media=523.0 date=2026-10-09T20:45:04.927Z rate=1.00 status=playing
2026-10-09 16:45:11 [align] probe gen=B730E710 t=530.5 media=524.0 date=2026-10-09T20:45:05.927Z rate=1.00 status=playing
2026-10-09 16:45:12 [align] probe gen=B730E710 t=531.5 media=525.0 date=2026-10-09T20:45:06.927Z rate=1.00 status=playing
2026-10-09 16:45:13 [align] probe gen=B730E710 t=532.5 media=526.0 date=2026-10-09T20:45:07.927Z rate=1.00 status=playing
2026-10-09 16:45:14 [align] probe gen=B730E710 t=533.5 media=527.0 date=2026-10-09T20:45:08.927Z rate=1.00 status=playing
2026-10-09 16:45:15 [align] probe gen=B730E710 t=534.5 media=528.0 date=2026-10-09T20:45:09.927Z rate=1.00 status=playing
2026-10-09 16:45:16 [align] probe gen=B730E710 t=535.5 media=529.0 date=2026-10-09T20:45:10.927Z rate=1.00 status=playing
2026-10-09 16:45:17 [align] probe gen=B730E710 t=536.5 media=530.0 date=2026-10-09T20:45:11.927Z rate=1.00 status=playing
2026-10-09 16:45:18 [align] probe gen=B730E710 t=537.5 media=531.0 date=2026-10-09T20:45:12.927Z rate=1.00 status=playing
2026-10-09 16:45:19 [align] probe gen=B730E710 t=538.5 media=532.0 date=2026-10-09T20:45:13.927Z rate=1.00 status=playing
2026-10-09 16:45:20 [align] probe gen=B730E710 t=539.5 media=533.0 date=2026-10-09T20:45:14.927Z rate=1.00 status=playing
2026-10-09 16:45:21 [align] probe gen=B730E710 t=540.5 media=534.0 date=2026-10-09T20:45:15.926Z rate=1.00 status=playing
2026-10-09 16:45:22 [align] probe gen=B730E710 t=541.5 media=535.0 date=2026-10-09T20:45:16.926Z rate=1.00 status=playing
2026-10-09 16:45:22 [align] poll n=19 t=541.5 ok entries=10 age=nil
2026-10-09 16:45:23 [align] probe gen=B730E710 t=542.5 media=536.0 date=2026-10-09T20:45:17.926Z rate=1.00 status=playing
2026-10-09 16:45:24 [align] probe gen=B730E710 t=543.5 media=537.0 date=2026-10-09T20:45:18.926Z rate=1.00 status=playing
2026-10-09 16:45:25 [align] probe gen=B730E710 t=544.5 media=538.0 date=2026-10-09T20:45:19.926Z rate=1.00 status=playing
2026-10-09 16:45:26 [align] probe gen=B730E710 t=545.5 media=539.0 date=2026-10-09T20:45:20.926Z rate=1.00 status=playing
2026-10-09 16:45:27 [align] probe gen=B730E710 t=546.5 media=540.0 date=2026-10-09T20:45:21.926Z rate=1.00 status=playing
2026-10-09 16:45:28 [align] probe gen=B730E710 t=547.5 media=541.0 date=2026-10-09T20:45:22.925Z rate=1.00 status=playing
2026-10-09 16:45:29 [align] probe gen=B730E710 t=548.5 media=542.0 date=2026-10-09T20:45:23.925Z rate=1.00 status=playing
2026-10-09 16:45:30 [align] probe gen=B730E710 t=549.5 media=543.0 date=2026-10-09T20:45:24.925Z rate=1.00 status=playing
2026-10-09 16:45:31 [align] probe gen=B730E710 t=550.5 media=544.0 date=2026-10-09T20:45:25.925Z rate=1.00 status=playing
2026-10-09 16:45:32 [align] probe gen=B730E710 t=551.5 media=545.0 date=2026-10-09T20:45:26.925Z rate=1.00 status=playing
2026-10-09 16:45:33 [align] probe gen=B730E710 t=552.5 media=546.0 date=2026-10-09T20:45:27.924Z rate=1.00 status=playing
2026-10-09 16:45:34 [align] probe gen=B730E710 t=553.5 media=547.0 date=2026-10-09T20:45:28.924Z rate=1.00 status=playing
2026-10-09 16:45:35 [align] probe gen=B730E710 t=554.5 media=548.0 date=2026-10-09T20:45:29.924Z rate=1.00 status=playing
2026-10-09 16:45:36 [align] probe gen=B730E710 t=555.5 media=549.0 date=2026-10-09T20:45:30.924Z rate=1.00 status=playing
2026-10-09 16:45:37 [align] probe gen=B730E710 t=556.5 media=550.0 date=2026-10-09T20:45:31.924Z rate=1.00 status=playing
2026-10-09 16:45:38 [align] probe gen=B730E710 t=557.5 media=551.0 date=2026-10-09T20:45:32.924Z rate=1.00 status=playing
2026-10-09 16:45:39 [align] probe gen=B730E710 t=558.5 media=552.0 date=2026-10-09T20:45:33.924Z rate=1.00 status=playing
2026-10-09 16:45:40 [align] probe gen=B730E710 t=559.5 media=553.0 date=2026-10-09T20:45:34.923Z rate=1.00 status=playing
2026-10-09 16:45:41 [align] probe gen=B730E710 t=560.5 media=554.0 date=2026-10-09T20:45:35.923Z rate=1.00 status=playing
2026-10-09 16:45:42 [align] probe gen=B730E710 t=561.5 media=555.0 date=2026-10-09T20:45:36.923Z rate=1.00 status=playing
2026-10-09 16:45:43 [align] probe gen=B730E710 t=562.5 media=556.0 date=2026-10-09T20:45:37.923Z rate=1.00 status=playing
2026-10-09 16:45:44 [align] probe gen=B730E710 t=563.5 media=557.0 date=2026-10-09T20:45:38.923Z rate=1.00 status=playing
2026-10-09 16:45:45 [align] probe gen=B730E710 t=564.5 media=558.0 date=2026-10-09T20:45:39.923Z rate=1.00 status=playing
2026-10-09 16:45:46 [align] probe gen=B730E710 t=565.5 media=559.0 date=2026-10-09T20:45:40.923Z rate=1.00 status=playing
2026-10-09 16:45:47 [align] probe gen=B730E710 t=566.5 media=560.0 date=2026-10-09T20:45:41.923Z rate=1.00 status=playing
2026-10-09 16:45:48 [align] probe gen=B730E710 t=567.5 media=561.0 date=2026-10-09T20:45:42.922Z rate=1.00 status=playing
2026-10-09 16:45:49 [align] probe gen=B730E710 t=568.5 media=562.0 date=2026-10-09T20:45:43.922Z rate=1.00 status=playing
2026-10-09 16:45:50 [align] probe gen=B730E710 t=569.5 media=563.0 date=2026-10-09T20:45:44.923Z rate=1.00 status=playing
2026-10-09 16:45:51 [align] probe gen=B730E710 t=570.5 media=564.0 date=2026-10-09T20:45:45.922Z rate=1.00 status=playing
2026-10-09 16:45:52 [align] poll n=20 t=571.5 ok entries=10 age=30.0
2026-10-09 16:45:52 [align] probe gen=B730E710 t=571.5 media=565.0 date=2026-10-09T20:45:46.922Z rate=1.00 status=playing
2026-10-09 16:45:53 [align] probe gen=B730E710 t=572.5 media=566.0 date=2026-10-09T20:45:47.922Z rate=1.00 status=playing
2026-10-09 16:45:54 [align] probe gen=B730E710 t=573.5 media=567.0 date=2026-10-09T20:45:48.922Z rate=1.00 status=playing
2026-10-09 16:45:55 [align] probe gen=B730E710 t=574.5 media=568.0 date=2026-10-09T20:45:49.922Z rate=1.00 status=playing
2026-10-09 16:45:56 [align] probe gen=B730E710 t=575.5 media=569.0 date=2026-10-09T20:45:50.922Z rate=1.00 status=playing
2026-10-09 16:45:57 [align] probe gen=B730E710 t=576.5 media=570.0 date=2026-10-09T20:45:51.922Z rate=1.00 status=playing
2026-10-09 16:45:58 [align] probe gen=B730E710 t=577.5 media=571.0 date=2026-10-09T20:45:52.921Z rate=1.00 status=playing
2026-10-09 16:45:59 [align] probe gen=B730E710 t=578.5 media=572.0 date=2026-10-09T20:45:53.921Z rate=1.00 status=playing
2026-10-09 16:46:00 [align] probe gen=B730E710 t=579.5 media=573.0 date=2026-10-09T20:45:54.921Z rate=1.00 status=playing
2026-10-09 16:46:01 [align] probe gen=B730E710 t=580.5 media=574.0 date=2026-10-09T20:45:55.921Z rate=1.00 status=playing
2026-10-09 16:46:02 [align] probe gen=B730E710 t=581.5 media=575.0 date=2026-10-09T20:45:56.921Z rate=1.00 status=playing
2026-10-09 16:46:03 [align] probe gen=B730E710 t=582.5 media=576.0 date=2026-10-09T20:45:57.920Z rate=1.00 status=playing
2026-10-09 16:46:04 [align] probe gen=B730E710 t=583.5 media=577.0 date=2026-10-09T20:45:58.920Z rate=1.00 status=playing
2026-10-09 16:46:05 [align] probe gen=B730E710 t=584.5 media=578.0 date=2026-10-09T20:45:59.920Z rate=1.00 status=playing
2026-10-09 16:46:06 [align] probe gen=B730E710 t=585.5 media=579.0 date=2026-10-09T20:46:00.920Z rate=1.00 status=playing
2026-10-09 16:46:07 [align] probe gen=B730E710 t=586.5 media=580.0 date=2026-10-09T20:46:01.920Z rate=1.00 status=playing
2026-10-09 16:46:08 [align] probe gen=B730E710 t=587.5 media=581.0 date=2026-10-09T20:46:02.920Z rate=1.00 status=playing
2026-10-09 16:46:09 [align] probe gen=B730E710 t=588.5 media=582.0 date=2026-10-09T20:46:03.920Z rate=1.00 status=playing
2026-10-09 16:46:10 [align] probe gen=B730E710 t=589.5 media=583.0 date=2026-10-09T20:46:04.919Z rate=1.00 status=playing
2026-10-09 16:46:11 [align] probe gen=B730E710 t=590.5 media=584.0 date=2026-10-09T20:46:05.919Z rate=1.00 status=playing
2026-10-09 16:46:12 [align] probe gen=B730E710 t=591.5 media=585.0 date=2026-10-09T20:46:06.919Z rate=1.00 status=playing
2026-10-09 16:46:13 [align] probe gen=B730E710 t=592.5 media=586.0 date=2026-10-09T20:46:07.919Z rate=1.00 status=playing
2026-10-09 16:46:14 [align] probe gen=B730E710 t=593.5 media=587.0 date=2026-10-09T20:46:08.919Z rate=1.00 status=playing
2026-10-09 16:46:15 [align] probe gen=B730E710 t=594.5 media=588.0 date=2026-10-09T20:46:09.918Z rate=1.00 status=playing
2026-10-09 16:46:16 [align] probe gen=B730E710 t=595.5 media=589.0 date=2026-10-09T20:46:10.919Z rate=1.00 status=playing
2026-10-09 16:46:17 [align] probe gen=B730E710 t=596.5 media=590.0 date=2026-10-09T20:46:11.918Z rate=1.00 status=playing
2026-10-09 16:46:18 [align] probe gen=B730E710 t=597.5 media=591.0 date=2026-10-09T20:46:12.918Z rate=1.00 status=playing
2026-10-09 16:46:19 [align] probe gen=B730E710 t=598.5 media=592.0 date=2026-10-09T20:46:13.918Z rate=1.00 status=playing
2026-10-09 16:46:20 [align] probe gen=B730E710 t=599.5 media=593.0 date=2026-10-09T20:46:14.918Z rate=1.00 status=playing
2026-10-09 16:46:21 [align] probe gen=B730E710 t=600.5 media=594.0 date=2026-10-09T20:46:15.918Z rate=1.00 status=playing
2026-10-09 16:46:21 [align] summary samples=598 polls=20 pollFailures=0 firstClock=6.4 sampleGapMax=1.1 pollGapMax=30.4 tailSampleGap=0.0 tailPollGap=29.0 rate=1.00-1.00
2026-10-09 16:46:21 [align] summary clockInvalid=none
2026-10-09 16:46:21 [align] summary window start=0 media=293.0 elapsed=293.1 ratio=1.000
2026-10-09 16:46:21 [align] summary window start=300 media=299.0 elapsed=299.0 ratio=1.000
2026-10-09 16:46:21 [align] verdict passed=false failures=1 kind=checkpoint
2026-10-09 16:46:21 [align] verdict - poll attempts 20 below 58
2026-10-09 16:46:22 [align] probe gen=B730E710 t=601.5 media=595.0 date=2026-10-09T20:46:16.918Z rate=1.00 status=playing
2026-10-09 16:46:22 [align] poll n=21 t=601.5 ok entries=10 age=60.0
2026-10-09 16:46:23 [align] probe gen=B730E710 t=602.5 media=596.0 date=2026-10-09T20:46:17.918Z rate=1.00 status=playing
2026-10-09 16:46:24 [align] probe gen=B730E710 t=603.5 media=597.0 date=2026-10-09T20:46:18.918Z rate=1.00 status=playing
2026-10-09 16:46:25 [align] probe gen=B730E710 t=604.5 media=598.0 date=2026-10-09T20:46:19.918Z rate=1.00 status=playing
2026-10-09 16:46:26 [align] probe gen=B730E710 t=605.5 media=599.0 date=2026-10-09T20:46:20.918Z rate=1.00 status=playing
2026-10-09 16:46:27 [align] probe gen=B730E710 t=606.5 media=600.0 date=2026-10-09T20:46:21.918Z rate=1.00 status=playing
2026-10-09 16:46:28 [align] probe gen=B730E710 t=607.5 media=601.0 date=2026-10-09T20:46:22.917Z rate=1.00 status=playing
2026-10-09 16:46:29 [align] probe gen=B730E710 t=608.5 media=602.0 date=2026-10-09T20:46:23.917Z rate=1.00 status=playing
2026-10-09 16:46:30 [align] probe gen=B730E710 t=609.5 media=603.0 date=2026-10-09T20:46:24.917Z rate=1.00 status=playing
2026-10-09 16:46:31 [align] probe gen=B730E710 t=610.5 media=604.0 date=2026-10-09T20:46:25.917Z rate=1.00 status=playing
2026-10-09 16:46:32 [align] probe gen=B730E710 t=611.5 media=605.0 date=2026-10-09T20:46:26.917Z rate=1.00 status=playing
2026-10-09 16:46:33 [align] probe gen=B730E710 t=612.5 media=606.0 date=2026-10-09T20:46:27.916Z rate=1.00 status=playing
2026-10-09 16:46:34 [align] probe gen=B730E710 t=613.5 media=607.0 date=2026-10-09T20:46:28.916Z rate=1.00 status=playing
2026-10-09 16:46:35 [align] probe gen=B730E710 t=614.5 media=608.0 date=2026-10-09T20:46:29.916Z rate=1.00 status=playing
2026-10-09 16:46:36 [align] probe gen=B730E710 t=615.5 media=609.0 date=2026-10-09T20:46:30.916Z rate=1.00 status=playing
2026-10-09 16:46:37 [align] probe gen=B730E710 t=616.5 media=610.0 date=2026-10-09T20:46:31.916Z rate=1.00 status=playing
2026-10-09 16:46:38 [align] probe gen=B730E710 t=617.5 media=611.0 date=2026-10-09T20:46:32.916Z rate=1.00 status=playing
2026-10-09 16:46:39 [align] probe gen=B730E710 t=618.5 media=612.0 date=2026-10-09T20:46:33.916Z rate=1.00 status=playing
2026-10-09 16:46:40 [align] probe gen=B730E710 t=619.5 media=613.0 date=2026-10-09T20:46:34.915Z rate=1.00 status=playing
2026-10-09 16:46:41 [align] probe gen=B730E710 t=620.5 media=614.0 date=2026-10-09T20:46:35.915Z rate=1.00 status=playing
2026-10-09 16:46:42 [align] probe gen=B730E710 t=621.5 media=615.0 date=2026-10-09T20:46:36.915Z rate=1.00 status=playing
2026-10-09 16:46:43 [align] probe gen=B730E710 t=622.5 media=616.0 date=2026-10-09T20:46:37.915Z rate=1.00 status=playing
2026-10-09 16:46:44 [align] probe gen=B730E710 t=623.5 media=617.0 date=2026-10-09T20:46:38.915Z rate=1.00 status=playing
2026-10-09 16:46:45 [align] probe gen=B730E710 t=624.5 media=618.0 date=2026-10-09T20:46:39.914Z rate=1.00 status=playing
2026-10-09 16:46:46 [align] probe gen=B730E710 t=625.5 media=619.0 date=2026-10-09T20:46:40.914Z rate=1.00 status=playing
2026-10-09 16:46:47 [align] probe gen=B730E710 t=626.5 media=620.0 date=2026-10-09T20:46:41.914Z rate=1.00 status=playing
2026-10-09 16:46:48 [align] probe gen=B730E710 t=627.5 media=621.0 date=2026-10-09T20:46:42.914Z rate=1.00 status=playing
2026-10-09 16:46:49 [align] probe gen=B730E710 t=628.5 media=622.0 date=2026-10-09T20:46:43.914Z rate=1.00 status=playing
2026-10-09 16:46:50 [align] probe gen=B730E710 t=629.5 media=623.0 date=2026-10-09T20:46:44.914Z rate=1.00 status=playing
2026-10-09 16:46:51 [align] probe gen=B730E710 t=630.5 media=624.0 date=2026-10-09T20:46:45.913Z rate=1.00 status=playing
2026-10-09 16:46:52 [align] probe gen=B730E710 t=631.5 media=625.0 date=2026-10-09T20:46:46.913Z rate=1.00 status=playing
2026-10-09 16:46:52 [align] poll n=22 t=631.8 ok entries=10 age=nil
2026-10-09 16:46:53 [align] probe gen=B730E710 t=632.5 media=626.0 date=2026-10-09T20:46:47.913Z rate=1.00 status=playing
2026-10-09 16:46:54 [align] probe gen=B730E710 t=633.5 media=627.0 date=2026-10-09T20:46:48.913Z rate=1.00 status=playing
2026-10-09 16:46:55 [align] probe gen=B730E710 t=634.5 media=628.0 date=2026-10-09T20:46:49.913Z rate=1.00 status=playing
2026-10-09 16:46:56 [align] probe gen=B730E710 t=635.5 media=629.0 date=2026-10-09T20:46:50.913Z rate=1.00 status=playing
2026-10-09 16:46:57 [align] probe gen=B730E710 t=636.5 media=630.0 date=2026-10-09T20:46:51.913Z rate=1.00 status=playing
2026-10-09 16:46:58 [align] probe gen=B730E710 t=637.5 media=631.0 date=2026-10-09T20:46:52.912Z rate=1.00 status=playing
2026-10-09 16:46:59 [align] probe gen=B730E710 t=638.5 media=632.0 date=2026-10-09T20:46:53.912Z rate=1.00 status=playing
2026-10-09 16:47:00 [align] probe gen=B730E710 t=639.5 media=633.0 date=2026-10-09T20:46:54.912Z rate=1.00 status=playing
2026-10-09 16:47:01 [align] probe gen=B730E710 t=640.5 media=634.0 date=2026-10-09T20:46:55.912Z rate=1.00 status=playing
2026-10-09 16:47:02 [align] probe gen=B730E710 t=641.5 media=635.0 date=2026-10-09T20:46:56.912Z rate=1.00 status=playing
2026-10-09 16:47:03 [align] probe gen=B730E710 t=642.5 media=636.0 date=2026-10-09T20:46:57.912Z rate=1.00 status=playing
2026-10-09 16:47:04 [align] probe gen=B730E710 t=643.5 media=637.0 date=2026-10-09T20:46:58.912Z rate=1.00 status=playing
2026-10-09 16:47:05 [align] probe gen=B730E710 t=644.5 media=638.0 date=2026-10-09T20:46:59.912Z rate=1.00 status=playing
2026-10-09 16:47:06 [align] probe gen=B730E710 t=645.5 media=639.0 date=2026-10-09T20:47:00.912Z rate=1.00 status=playing
2026-10-09 16:47:07 [align] probe gen=B730E710 t=646.5 media=640.0 date=2026-10-09T20:47:01.912Z rate=1.00 status=playing
2026-10-09 16:47:08 [align] probe gen=B730E710 t=647.5 media=641.0 date=2026-10-09T20:47:02.912Z rate=1.00 status=playing
2026-10-09 16:47:09 [align] probe gen=B730E710 t=648.5 media=642.0 date=2026-10-09T20:47:03.912Z rate=1.00 status=playing
2026-10-09 16:47:10 [align] probe gen=B730E710 t=649.5 media=643.0 date=2026-10-09T20:47:04.911Z rate=1.00 status=playing
2026-10-09 16:47:11 [align] probe gen=B730E710 t=650.5 media=644.0 date=2026-10-09T20:47:05.911Z rate=1.00 status=playing
2026-10-09 16:47:12 [align] probe gen=B730E710 t=651.5 media=645.0 date=2026-10-09T20:47:06.911Z rate=1.00 status=playing
2026-10-09 16:47:13 [align] probe gen=B730E710 t=652.5 media=646.0 date=2026-10-09T20:47:07.911Z rate=1.00 status=playing
2026-10-09 16:47:14 [align] probe gen=B730E710 t=653.5 media=647.0 date=2026-10-09T20:47:08.911Z rate=1.00 status=playing
2026-10-09 16:47:15 [align] probe gen=B730E710 t=654.5 media=648.0 date=2026-10-09T20:47:09.910Z rate=1.00 status=playing
2026-10-09 16:47:16 [align] probe gen=B730E710 t=655.5 media=649.0 date=2026-10-09T20:47:10.910Z rate=1.00 status=playing
2026-10-09 16:47:17 [align] probe gen=B730E710 t=656.5 media=650.0 date=2026-10-09T20:47:11.910Z rate=1.00 status=playing
2026-10-09 16:47:18 [align] probe gen=B730E710 t=657.5 media=651.0 date=2026-10-09T20:47:12.910Z rate=1.00 status=playing
2026-10-09 16:47:19 [align] probe gen=B730E710 t=658.5 media=652.0 date=2026-10-09T20:47:13.910Z rate=1.00 status=playing
2026-10-09 16:47:20 [align] probe gen=B730E710 t=659.5 media=653.0 date=2026-10-09T20:47:14.910Z rate=1.00 status=playing
2026-10-09 16:47:21 [align] probe gen=B730E710 t=660.5 media=654.0 date=2026-10-09T20:47:15.909Z rate=1.00 status=playing
2026-10-09 16:47:22 [align] probe gen=B730E710 t=661.5 media=655.0 date=2026-10-09T20:47:16.909Z rate=1.00 status=playing
2026-10-09 16:47:23 [align] poll n=23 t=662.2 ok entries=10 age=30.0
2026-10-09 16:47:23 [align] probe gen=B730E710 t=662.5 media=656.0 date=2026-10-09T20:47:17.909Z rate=1.00 status=playing
2026-10-09 16:47:24 [align] probe gen=B730E710 t=663.5 media=657.0 date=2026-10-09T20:47:18.909Z rate=1.00 status=playing
2026-10-09 16:47:25 [align] probe gen=B730E710 t=664.5 media=658.0 date=2026-10-09T20:47:19.909Z rate=1.00 status=playing
2026-10-09 16:47:26 [align] probe gen=B730E710 t=665.5 media=659.0 date=2026-10-09T20:47:20.909Z rate=1.00 status=playing
2026-10-09 16:47:27 [align] probe gen=B730E710 t=666.5 media=660.0 date=2026-10-09T20:47:21.909Z rate=1.00 status=playing
2026-10-09 16:47:28 [align] probe gen=B730E710 t=667.5 media=661.0 date=2026-10-09T20:47:22.908Z rate=1.00 status=playing
2026-10-09 16:47:29 [align] probe gen=B730E710 t=668.5 media=662.0 date=2026-10-09T20:47:23.908Z rate=1.00 status=playing
2026-10-09 16:47:30 [align] probe gen=B730E710 t=669.5 media=663.0 date=2026-10-09T20:47:24.908Z rate=1.00 status=playing
2026-10-09 16:47:31 [align] probe gen=B730E710 t=670.5 media=664.0 date=2026-10-09T20:47:25.908Z rate=1.00 status=playing
2026-10-09 16:47:32 [align] probe gen=B730E710 t=671.5 media=665.0 date=2026-10-09T20:47:26.908Z rate=1.00 status=playing
2026-10-09 16:47:33 [align] probe gen=B730E710 t=672.5 media=666.0 date=2026-10-09T20:47:27.907Z rate=1.00 status=playing
2026-10-09 16:47:34 [align] probe gen=B730E710 t=673.5 media=667.0 date=2026-10-09T20:47:28.908Z rate=1.00 status=playing
2026-10-09 16:47:35 [align] probe gen=B730E710 t=674.5 media=668.0 date=2026-10-09T20:47:29.907Z rate=1.00 status=playing
2026-10-09 16:47:36 [align] probe gen=B730E710 t=675.5 media=669.0 date=2026-10-09T20:47:30.907Z rate=1.00 status=playing
2026-10-09 16:47:37 [align] probe gen=B730E710 t=676.5 media=670.0 date=2026-10-09T20:47:31.907Z rate=1.00 status=playing
2026-10-09 16:47:38 [align] probe gen=B730E710 t=677.5 media=671.0 date=2026-10-09T20:47:32.907Z rate=1.00 status=playing
2026-10-09 16:47:39 [align] probe gen=B730E710 t=678.5 media=672.0 date=2026-10-09T20:47:33.907Z rate=1.00 status=playing
2026-10-09 16:47:40 [align] probe gen=B730E710 t=679.5 media=673.0 date=2026-10-09T20:47:34.907Z rate=1.00 status=playing
2026-10-09 16:47:41 [align] probe gen=B730E710 t=680.5 media=674.0 date=2026-10-09T20:47:35.907Z rate=1.00 status=playing
2026-10-09 16:47:42 [align] probe gen=B730E710 t=681.5 media=675.0 date=2026-10-09T20:47:36.907Z rate=1.00 status=playing
2026-10-09 16:47:43 [align] probe gen=B730E710 t=682.5 media=676.0 date=2026-10-09T20:47:37.907Z rate=1.00 status=playing
2026-10-09 16:47:44 [align] probe gen=B730E710 t=683.5 media=677.0 date=2026-10-09T20:47:38.907Z rate=1.00 status=playing
2026-10-09 16:47:45 [align] probe gen=B730E710 t=684.5 media=678.0 date=2026-10-09T20:47:39.906Z rate=1.00 status=playing
2026-10-09 16:47:46 [align] probe gen=B730E710 t=685.5 media=679.0 date=2026-10-09T20:47:40.906Z rate=1.00 status=playing
2026-10-09 16:47:47 [align] probe gen=B730E710 t=686.5 media=680.0 date=2026-10-09T20:47:41.906Z rate=1.00 status=playing
2026-10-09 16:47:48 [align] probe gen=B730E710 t=687.5 media=681.0 date=2026-10-09T20:47:42.906Z rate=1.00 status=playing
2026-10-09 16:47:48 [align] decision t=687.5 candidate="Congratulations to Me — EELS" songSec=0.0 reason=estimated +160s; not verified audible
2026-10-09 16:47:49 [align] probe gen=B730E710 t=688.5 media=682.0 date=2026-10-09T20:47:43.906Z rate=1.00 status=playing
2026-10-09 16:47:50 [align] probe gen=B730E710 t=689.5 media=683.0 date=2026-10-09T20:47:44.906Z rate=1.00 status=playing
2026-10-09 16:47:51 [align] probe gen=B730E710 t=690.5 media=684.0 date=2026-10-09T20:47:45.905Z rate=1.00 status=playing
2026-10-09 16:47:52 [align] probe gen=B730E710 t=691.5 media=685.0 date=2026-10-09T20:47:46.905Z rate=1.00 status=playing
2026-10-09 16:47:53 [align] probe gen=B730E710 t=692.5 media=686.0 date=2026-10-09T20:47:47.905Z rate=1.00 status=playing
2026-10-09 16:47:53 [align] poll n=24 t=692.4 ok entries=10 age=nil
2026-10-09 16:47:54 [align] probe gen=B730E710 t=693.5 media=687.0 date=2026-10-09T20:47:48.905Z rate=1.00 status=playing
2026-10-09 16:47:55 [align] probe gen=B730E710 t=694.5 media=688.0 date=2026-10-09T20:47:49.905Z rate=1.00 status=playing
2026-10-09 16:47:56 [align] probe gen=B730E710 t=695.5 media=689.0 date=2026-10-09T20:47:50.905Z rate=1.00 status=playing
2026-10-09 16:47:57 [align] probe gen=B730E710 t=696.5 media=690.0 date=2026-10-09T20:47:51.905Z rate=1.00 status=playing
2026-10-09 16:47:58 [align] probe gen=B730E710 t=697.5 media=691.0 date=2026-10-09T20:47:52.904Z rate=1.00 status=playing
2026-10-09 16:47:59 [align] probe gen=B730E710 t=698.5 media=692.0 date=2026-10-09T20:47:53.904Z rate=1.00 status=playing
2026-10-09 16:48:00 [align] probe gen=B730E710 t=699.5 media=693.0 date=2026-10-09T20:47:54.904Z rate=1.00 status=playing
2026-10-09 16:48:01 [align] probe gen=B730E710 t=700.5 media=694.0 date=2026-10-09T20:47:55.904Z rate=1.00 status=playing
2026-10-09 16:48:02 [align] probe gen=B730E710 t=701.5 media=695.0 date=2026-10-09T20:47:56.904Z rate=1.00 status=playing
2026-10-09 16:48:03 [align] probe gen=B730E710 t=702.5 media=696.0 date=2026-10-09T20:47:57.903Z rate=1.00 status=playing
2026-10-09 16:48:04 [align] probe gen=B730E710 t=703.5 media=697.0 date=2026-10-09T20:47:58.903Z rate=1.00 status=playing
2026-10-09 16:48:05 [align] probe gen=B730E710 t=704.5 media=698.0 date=2026-10-09T20:47:59.903Z rate=1.00 status=playing
2026-10-09 16:48:06 [align] probe gen=B730E710 t=705.5 media=699.0 date=2026-10-09T20:48:00.903Z rate=1.00 status=playing
2026-10-09 16:48:07 [align] probe gen=B730E710 t=706.5 media=700.0 date=2026-10-09T20:48:01.903Z rate=1.00 status=playing
2026-10-09 16:48:08 [align] probe gen=B730E710 t=707.5 media=701.0 date=2026-10-09T20:48:02.903Z rate=1.00 status=playing
2026-10-09 16:48:09 [align] probe gen=B730E710 t=708.5 media=702.0 date=2026-10-09T20:48:03.903Z rate=1.00 status=playing
2026-10-09 16:48:10 [align] probe gen=B730E710 t=709.5 media=703.0 date=2026-10-09T20:48:04.902Z rate=1.00 status=playing
2026-10-09 16:48:11 [align] probe gen=B730E710 t=710.5 media=704.0 date=2026-10-09T20:48:05.902Z rate=1.00 status=playing
2026-10-09 16:48:12 [align] probe gen=B730E710 t=711.5 media=705.0 date=2026-10-09T20:48:06.902Z rate=1.00 status=playing
2026-10-09 16:48:13 [align] probe gen=B730E710 t=712.5 media=706.0 date=2026-10-09T20:48:07.902Z rate=1.00 status=playing
2026-10-09 16:48:14 [align] probe gen=B730E710 t=713.5 media=707.0 date=2026-10-09T20:48:08.902Z rate=1.00 status=playing
2026-10-09 16:48:15 [align] probe gen=B730E710 t=714.5 media=708.0 date=2026-10-09T20:48:09.902Z rate=1.00 status=playing
2026-10-09 16:48:16 [align] probe gen=B730E710 t=715.5 media=709.0 date=2026-10-09T20:48:10.902Z rate=1.00 status=playing
2026-10-09 16:48:17 [align] probe gen=B730E710 t=716.5 media=710.0 date=2026-10-09T20:48:11.902Z rate=1.00 status=playing
2026-10-09 16:48:18 [align] probe gen=B730E710 t=717.5 media=711.0 date=2026-10-09T20:48:12.902Z rate=1.00 status=playing
2026-10-09 16:48:19 [align] probe gen=B730E710 t=718.5 media=712.0 date=2026-10-09T20:48:13.902Z rate=1.00 status=playing
2026-10-09 16:48:20 [align] probe gen=B730E710 t=719.5 media=713.0 date=2026-10-09T20:48:14.902Z rate=1.00 status=playing
2026-10-09 16:48:21 [align] probe gen=B730E710 t=720.5 media=714.0 date=2026-10-09T20:48:15.901Z rate=1.00 status=playing
2026-10-09 16:48:22 [align] probe gen=B730E710 t=721.5 media=715.0 date=2026-10-09T20:48:16.901Z rate=1.00 status=playing
2026-10-09 16:48:23 [align] poll n=25 t=722.5 ok entries=10 age=30.0
2026-10-09 16:48:23 [align] probe gen=B730E710 t=722.5 media=716.0 date=2026-10-09T20:48:17.901Z rate=1.00 status=playing
2026-10-09 16:48:24 [align] probe gen=B730E710 t=723.5 media=717.0 date=2026-10-09T20:48:18.901Z rate=1.00 status=playing
2026-10-09 16:48:25 [align] probe gen=B730E710 t=724.5 media=718.0 date=2026-10-09T20:48:19.901Z rate=1.00 status=playing
2026-10-09 16:48:26 [align] probe gen=B730E710 t=725.5 media=719.0 date=2026-10-09T20:48:20.901Z rate=1.00 status=playing
2026-10-09 16:48:27 [align] probe gen=B730E710 t=726.5 media=720.0 date=2026-10-09T20:48:21.901Z rate=1.00 status=playing
2026-10-09 16:48:28 [align] probe gen=B730E710 t=727.5 media=721.0 date=2026-10-09T20:48:22.900Z rate=1.00 status=playing
2026-10-09 16:48:29 [align] probe gen=B730E710 t=728.5 media=722.0 date=2026-10-09T20:48:23.900Z rate=1.00 status=playing
2026-10-09 16:48:30 [align] probe gen=B730E710 t=729.5 media=723.0 date=2026-10-09T20:48:24.900Z rate=1.00 status=playing
2026-10-09 16:48:31 [align] probe gen=B730E710 t=730.5 media=724.0 date=2026-10-09T20:48:25.900Z rate=1.00 status=playing
2026-10-09 16:48:32 [align] probe gen=B730E710 t=731.5 media=725.0 date=2026-10-09T20:48:26.900Z rate=1.00 status=playing
2026-10-09 16:48:33 [align] probe gen=B730E710 t=732.5 media=726.0 date=2026-10-09T20:48:27.899Z rate=1.00 status=playing
2026-10-09 16:48:34 [align] probe gen=B730E710 t=733.5 media=727.0 date=2026-10-09T20:48:28.899Z rate=1.00 status=playing
2026-10-09 16:48:35 [align] probe gen=B730E710 t=734.5 media=728.0 date=2026-10-09T20:48:29.899Z rate=1.00 status=playing
2026-10-09 16:48:36 [align] probe gen=B730E710 t=735.5 media=729.0 date=2026-10-09T20:48:30.899Z rate=1.00 status=playing
2026-10-09 16:48:37 [align] probe gen=B730E710 t=736.5 media=730.0 date=2026-10-09T20:48:31.899Z rate=1.00 status=playing
2026-10-09 16:48:38 [align] probe gen=B730E710 t=737.5 media=731.0 date=2026-10-09T20:48:32.899Z rate=1.00 status=playing
2026-10-09 16:48:39 [align] probe gen=B730E710 t=738.5 media=732.0 date=2026-10-09T20:48:33.898Z rate=1.00 status=playing
2026-10-09 16:48:40 [align] probe gen=B730E710 t=739.5 media=733.0 date=2026-10-09T20:48:34.898Z rate=1.00 status=playing
2026-10-09 16:48:41 [align] probe gen=B730E710 t=740.5 media=734.0 date=2026-10-09T20:48:35.898Z rate=1.00 status=playing
2026-10-09 16:48:42 [align] probe gen=B730E710 t=741.5 media=735.0 date=2026-10-09T20:48:36.898Z rate=1.00 status=playing
2026-10-09 16:48:43 [align] probe gen=B730E710 t=742.5 media=736.0 date=2026-10-09T20:48:37.898Z rate=1.00 status=playing
2026-10-09 16:48:44 [align] probe gen=B730E710 t=743.5 media=737.0 date=2026-10-09T20:48:38.898Z rate=1.00 status=playing
2026-10-09 16:48:45 [align] probe gen=B730E710 t=744.5 media=738.0 date=2026-10-09T20:48:39.897Z rate=1.00 status=playing
2026-10-09 16:48:46 [align] probe gen=B730E710 t=745.5 media=739.0 date=2026-10-09T20:48:40.897Z rate=1.00 status=playing
2026-10-09 16:48:47 [align] probe gen=B730E710 t=746.5 media=740.0 date=2026-10-09T20:48:41.897Z rate=1.00 status=playing
2026-10-09 16:48:48 [align] probe gen=B730E710 t=747.5 media=741.0 date=2026-10-09T20:48:42.897Z rate=1.00 status=playing
2026-10-09 16:48:49 [align] probe gen=B730E710 t=748.5 media=742.0 date=2026-10-09T20:48:43.897Z rate=1.00 status=playing
2026-10-09 16:48:50 [align] probe gen=B730E710 t=749.5 media=743.0 date=2026-10-09T20:48:44.897Z rate=1.00 status=playing
2026-10-09 16:48:51 [align] probe gen=B730E710 t=750.5 media=744.0 date=2026-10-09T20:48:45.897Z rate=1.00 status=playing
2026-10-09 16:48:52 [align] probe gen=B730E710 t=751.5 media=745.0 date=2026-10-09T20:48:46.897Z rate=1.00 status=playing
2026-10-09 16:48:53 [align] probe gen=B730E710 t=752.5 media=746.0 date=2026-10-09T20:48:47.897Z rate=1.00 status=playing
2026-10-09 16:48:53 [align] poll n=26 t=752.5 ok entries=10 age=nil
2026-10-09 16:48:54 [align] probe gen=B730E710 t=753.5 media=747.0 date=2026-10-09T20:48:48.897Z rate=1.00 status=playing
2026-10-09 16:48:55 [align] probe gen=B730E710 t=754.5 media=748.0 date=2026-10-09T20:48:49.897Z rate=1.00 status=playing
2026-10-09 16:48:56 [align] probe gen=B730E710 t=755.5 media=749.0 date=2026-10-09T20:48:50.897Z rate=1.00 status=playing
2026-10-09 16:48:57 [align] probe gen=B730E710 t=756.5 media=750.0 date=2026-10-09T20:48:51.897Z rate=1.00 status=playing
2026-10-09 16:48:58 [align] probe gen=B730E710 t=757.5 media=751.0 date=2026-10-09T20:48:52.896Z rate=1.00 status=playing
2026-10-09 16:48:59 [align] probe gen=B730E710 t=758.5 media=752.0 date=2026-10-09T20:48:53.896Z rate=1.00 status=playing
2026-10-09 16:49:00 [align] probe gen=B730E710 t=759.5 media=753.0 date=2026-10-09T20:48:54.896Z rate=1.00 status=playing
2026-10-09 16:49:01 [align] probe gen=B730E710 t=760.5 media=754.0 date=2026-10-09T20:48:55.896Z rate=1.00 status=playing
2026-10-09 16:49:02 [align] probe gen=B730E710 t=761.5 media=755.0 date=2026-10-09T20:48:56.896Z rate=1.00 status=playing
2026-10-09 16:49:03 [align] probe gen=B730E710 t=762.5 media=756.0 date=2026-10-09T20:48:57.895Z rate=1.00 status=playing
2026-10-09 16:49:04 [align] probe gen=B730E710 t=763.5 media=757.0 date=2026-10-09T20:48:58.895Z rate=1.00 status=playing
2026-10-09 16:49:05 [align] probe gen=B730E710 t=764.5 media=758.0 date=2026-10-09T20:48:59.895Z rate=1.00 status=playing
2026-10-09 16:49:06 [align] probe gen=B730E710 t=765.5 media=759.0 date=2026-10-09T20:49:00.895Z rate=1.00 status=playing
2026-10-09 16:49:07 [align] probe gen=B730E710 t=766.5 media=760.0 date=2026-10-09T20:49:01.895Z rate=1.00 status=playing
2026-10-09 16:49:08 [align] probe gen=B730E710 t=767.5 media=761.0 date=2026-10-09T20:49:02.895Z rate=1.00 status=playing
2026-10-09 16:49:09 [align] probe gen=B730E710 t=768.5 media=762.0 date=2026-10-09T20:49:03.894Z rate=1.00 status=playing
2026-10-09 16:49:10 [align] probe gen=B730E710 t=769.5 media=763.0 date=2026-10-09T20:49:04.894Z rate=1.00 status=playing
2026-10-09 16:49:11 [align] probe gen=B730E710 t=770.5 media=764.0 date=2026-10-09T20:49:05.894Z rate=1.00 status=playing
2026-10-09 16:49:12 [align] probe gen=B730E710 t=771.5 media=765.0 date=2026-10-09T20:49:06.894Z rate=1.00 status=playing
2026-10-09 16:49:13 [align] probe gen=B730E710 t=772.5 media=766.0 date=2026-10-09T20:49:07.894Z rate=1.00 status=playing
2026-10-09 16:49:14 [align] probe gen=B730E710 t=773.5 media=767.0 date=2026-10-09T20:49:08.894Z rate=1.00 status=playing
2026-10-09 16:49:15 [align] probe gen=B730E710 t=774.5 media=768.0 date=2026-10-09T20:49:09.893Z rate=1.00 status=playing
2026-10-09 16:49:16 [align] probe gen=B730E710 t=775.5 media=769.0 date=2026-10-09T20:49:10.894Z rate=1.00 status=playing
2026-10-09 16:49:17 [align] probe gen=B730E710 t=776.5 media=770.0 date=2026-10-09T20:49:11.893Z rate=1.00 status=playing
2026-10-09 16:49:18 [align] probe gen=B730E710 t=777.5 media=771.0 date=2026-10-09T20:49:12.893Z rate=1.00 status=playing
2026-10-09 16:49:19 [align] probe gen=B730E710 t=778.5 media=772.0 date=2026-10-09T20:49:13.893Z rate=1.00 status=playing
2026-10-09 16:49:20 [align] probe gen=B730E710 t=779.5 media=773.0 date=2026-10-09T20:49:14.893Z rate=1.00 status=playing
2026-10-09 16:49:21 [align] probe gen=B730E710 t=780.5 media=774.0 date=2026-10-09T20:49:15.892Z rate=1.00 status=playing
2026-10-09 16:49:22 [align] probe gen=B730E710 t=781.5 media=775.0 date=2026-10-09T20:49:16.894Z rate=1.00 status=playing
2026-10-09 16:49:23 [align] probe gen=B730E710 t=782.5 media=776.0 date=2026-10-09T20:49:17.893Z rate=1.00 status=playing
2026-10-09 16:49:23 [align] poll n=27 t=782.5 ok entries=10 age=30.0
2026-10-09 16:49:24 [align] probe gen=B730E710 t=783.5 media=777.0 date=2026-10-09T20:49:18.892Z rate=1.00 status=playing
2026-10-09 16:49:25 [align] probe gen=B730E710 t=784.5 media=778.0 date=2026-10-09T20:49:19.892Z rate=1.00 status=playing
2026-10-09 16:49:26 [align] probe gen=B730E710 t=785.5 media=779.0 date=2026-10-09T20:49:20.892Z rate=1.00 status=playing
2026-10-09 16:49:27 [align] probe gen=B730E710 t=786.5 media=780.0 date=2026-10-09T20:49:21.892Z rate=1.00 status=playing
2026-10-09 16:49:28 [align] probe gen=B730E710 t=787.5 media=781.0 date=2026-10-09T20:49:22.892Z rate=1.00 status=playing
2026-10-09 16:49:29 [align] probe gen=B730E710 t=788.5 media=782.0 date=2026-10-09T20:49:23.892Z rate=1.00 status=playing
2026-10-09 16:49:30 [align] probe gen=B730E710 t=789.5 media=783.0 date=2026-10-09T20:49:24.891Z rate=1.00 status=playing
2026-10-09 16:49:31 [align] probe gen=B730E710 t=790.5 media=784.0 date=2026-10-09T20:49:25.891Z rate=1.00 status=playing
2026-10-09 16:49:32 [align] probe gen=B730E710 t=791.5 media=785.0 date=2026-10-09T20:49:26.897Z rate=1.00 status=playing
2026-10-09 16:49:33 [align] probe gen=B730E710 t=792.5 media=786.0 date=2026-10-09T20:49:27.891Z rate=1.00 status=playing
2026-10-09 16:49:34 [align] probe gen=B730E710 t=793.5 media=787.0 date=2026-10-09T20:49:28.891Z rate=1.00 status=playing
2026-10-09 16:49:35 [align] probe gen=B730E710 t=794.5 media=788.0 date=2026-10-09T20:49:29.891Z rate=1.00 status=playing
2026-10-09 16:49:36 [align] probe gen=B730E710 t=795.5 media=789.0 date=2026-10-09T20:49:30.891Z rate=1.00 status=playing
2026-10-09 16:49:37 [align] probe gen=B730E710 t=796.5 media=790.0 date=2026-10-09T20:49:31.891Z rate=1.00 status=playing
2026-10-09 16:49:38 [align] probe gen=B730E710 t=797.5 media=791.0 date=2026-10-09T20:49:32.891Z rate=1.00 status=playing
2026-10-09 16:49:39 [align] probe gen=B730E710 t=798.5 media=792.0 date=2026-10-09T20:49:33.890Z rate=1.00 status=playing
2026-10-09 16:49:40 [align] probe gen=B730E710 t=799.5 media=793.0 date=2026-10-09T20:49:34.890Z rate=1.00 status=playing
2026-10-09 16:49:41 [align] probe gen=B730E710 t=800.5 media=794.0 date=2026-10-09T20:49:35.890Z rate=1.00 status=playing
2026-10-09 16:49:42 [align] probe gen=B730E710 t=801.5 media=795.0 date=2026-10-09T20:49:36.890Z rate=1.00 status=playing
2026-10-09 16:49:43 [align] probe gen=B730E710 t=802.5 media=796.0 date=2026-10-09T20:49:37.890Z rate=1.00 status=playing
2026-10-09 16:49:44 [align] probe gen=B730E710 t=803.5 media=797.0 date=2026-10-09T20:49:38.890Z rate=1.00 status=playing
2026-10-09 16:49:45 [align] probe gen=B730E710 t=804.5 media=798.0 date=2026-10-09T20:49:39.889Z rate=1.00 status=playing
2026-10-09 16:49:46 [align] probe gen=B730E710 t=805.5 media=799.0 date=2026-10-09T20:49:40.889Z rate=1.00 status=playing
2026-10-09 16:49:47 [align] probe gen=B730E710 t=806.5 media=800.0 date=2026-10-09T20:49:41.889Z rate=1.00 status=playing
2026-10-09 16:49:48 [align] probe gen=B730E710 t=807.5 media=801.0 date=2026-10-09T20:49:42.889Z rate=1.00 status=playing
2026-10-09 16:49:49 [align] probe gen=B730E710 t=808.5 media=802.0 date=2026-10-09T20:49:43.889Z rate=1.00 status=playing
2026-10-09 16:49:50 [align] probe gen=B730E710 t=809.5 media=803.0 date=2026-10-09T20:49:44.889Z rate=1.00 status=playing
2026-10-09 16:49:51 [align] probe gen=B730E710 t=810.5 media=804.0 date=2026-10-09T20:49:45.888Z rate=1.00 status=playing
2026-10-09 16:49:52 [align] probe gen=B730E710 t=811.5 media=805.0 date=2026-10-09T20:49:46.888Z rate=1.00 status=playing
2026-10-09 16:49:53 [align] probe gen=B730E710 t=812.5 media=806.0 date=2026-10-09T20:49:47.888Z rate=1.00 status=playing
2026-10-09 16:49:53 [align] poll n=28 t=812.9 ok entries=10 age=60.0
2026-10-09 16:49:54 [align] probe gen=B730E710 t=813.5 media=807.0 date=2026-10-09T20:49:48.888Z rate=1.00 status=playing
2026-10-09 16:49:55 [align] probe gen=B730E710 t=814.5 media=808.0 date=2026-10-09T20:49:49.888Z rate=1.00 status=playing
2026-10-09 16:49:56 [align] probe gen=B730E710 t=815.5 media=809.0 date=2026-10-09T20:49:50.888Z rate=1.00 status=playing
2026-10-09 16:49:57 [align] probe gen=B730E710 t=816.5 media=810.0 date=2026-10-09T20:49:51.888Z rate=1.00 status=playing
2026-10-09 16:49:58 [align] probe gen=B730E710 t=817.5 media=811.0 date=2026-10-09T20:49:52.887Z rate=1.00 status=playing
2026-10-09 16:49:59 [align] probe gen=B730E710 t=818.5 media=812.0 date=2026-10-09T20:49:53.887Z rate=1.00 status=playing
2026-10-09 16:50:00 [align] probe gen=B730E710 t=819.5 media=813.0 date=2026-10-09T20:49:54.887Z rate=1.00 status=playing
2026-10-09 16:50:01 [align] probe gen=B730E710 t=820.5 media=814.0 date=2026-10-09T20:49:55.887Z rate=1.00 status=playing
2026-10-09 16:50:02 [align] probe gen=B730E710 t=821.5 media=815.0 date=2026-10-09T20:49:56.887Z rate=1.00 status=playing
2026-10-09 16:50:03 [align] probe gen=B730E710 t=822.5 media=816.0 date=2026-10-09T20:49:57.887Z rate=1.00 status=playing
2026-10-09 16:50:04 [align] probe gen=B730E710 t=823.5 media=817.0 date=2026-10-09T20:49:58.886Z rate=1.00 status=playing
2026-10-09 16:50:05 [align] probe gen=B730E710 t=824.5 media=818.0 date=2026-10-09T20:49:59.889Z rate=1.00 status=playing
2026-10-09 16:50:06 [align] probe gen=B730E710 t=825.5 media=819.0 date=2026-10-09T20:50:00.886Z rate=1.00 status=playing
2026-10-09 16:50:07 [align] probe gen=B730E710 t=826.5 media=820.0 date=2026-10-09T20:50:01.886Z rate=1.00 status=playing
2026-10-09 16:50:08 [align] probe gen=B730E710 t=827.5 media=821.0 date=2026-10-09T20:50:02.887Z rate=1.00 status=playing
2026-10-09 16:50:09 [align] probe gen=B730E710 t=828.5 media=822.0 date=2026-10-09T20:50:03.886Z rate=1.00 status=playing
2026-10-09 16:50:10 [align] probe gen=B730E710 t=829.5 media=823.0 date=2026-10-09T20:50:04.886Z rate=1.00 status=playing
2026-10-09 16:50:11 [align] probe gen=B730E710 t=830.5 media=824.0 date=2026-10-09T20:50:05.886Z rate=1.00 status=playing
2026-10-09 16:50:12 [align] probe gen=B730E710 t=831.5 media=825.0 date=2026-10-09T20:50:06.886Z rate=1.00 status=playing
2026-10-09 16:50:13 [align] probe gen=B730E710 t=832.5 media=826.0 date=2026-10-09T20:50:07.886Z rate=1.00 status=playing
2026-10-09 16:50:14 [align] probe gen=B730E710 t=833.5 media=827.0 date=2026-10-09T20:50:08.886Z rate=1.00 status=playing
2026-10-09 16:50:15 [align] probe gen=B730E710 t=834.5 media=828.0 date=2026-10-09T20:50:09.886Z rate=1.00 status=playing
2026-10-09 16:50:16 [align] probe gen=B730E710 t=835.5 media=829.0 date=2026-10-09T20:50:10.885Z rate=1.00 status=playing
2026-10-09 16:50:17 [align] probe gen=B730E710 t=836.5 media=830.0 date=2026-10-09T20:50:11.885Z rate=1.00 status=playing
2026-10-09 16:50:18 [align] probe gen=B730E710 t=837.5 media=831.0 date=2026-10-09T20:50:12.885Z rate=1.00 status=playing
2026-10-09 16:50:19 [align] probe gen=B730E710 t=838.5 media=832.0 date=2026-10-09T20:50:13.885Z rate=1.00 status=playing
2026-10-09 16:50:20 [align] probe gen=B730E710 t=839.5 media=833.0 date=2026-10-09T20:50:14.885Z rate=1.00 status=playing
2026-10-09 16:50:21 [align] probe gen=B730E710 t=840.5 media=834.0 date=2026-10-09T20:50:15.884Z rate=1.00 status=playing
2026-10-09 16:50:22 [align] probe gen=B730E710 t=841.5 media=835.0 date=2026-10-09T20:50:16.884Z rate=1.00 status=playing
2026-10-09 16:50:23 [align] probe gen=B730E710 t=842.5 media=836.0 date=2026-10-09T20:50:17.884Z rate=1.00 status=playing
2026-10-09 16:50:24 [align] poll n=29 t=843.1 ok entries=10 age=nil
2026-10-09 16:50:24 [align] probe gen=B730E710 t=843.5 media=837.0 date=2026-10-09T20:50:18.884Z rate=1.00 status=playing
2026-10-09 16:50:25 [align] probe gen=B730E710 t=844.5 media=838.0 date=2026-10-09T20:50:19.884Z rate=1.00 status=playing
2026-10-09 16:50:26 [align] probe gen=B730E710 t=845.5 media=839.0 date=2026-10-09T20:50:20.884Z rate=1.00 status=playing
2026-10-09 16:50:27 [align] probe gen=B730E710 t=846.5 media=840.0 date=2026-10-09T20:50:21.884Z rate=1.00 status=playing
2026-10-09 16:50:28 [align] probe gen=B730E710 t=847.5 media=841.0 date=2026-10-09T20:50:22.883Z rate=1.00 status=playing
2026-10-09 16:50:29 [align] probe gen=B730E710 t=848.5 media=842.0 date=2026-10-09T20:50:23.883Z rate=1.00 status=playing
2026-10-09 16:50:30 [align] probe gen=B730E710 t=849.5 media=843.0 date=2026-10-09T20:50:24.883Z rate=1.00 status=playing
2026-10-09 16:50:31 [align] probe gen=B730E710 t=850.5 media=844.0 date=2026-10-09T20:50:25.883Z rate=1.00 status=playing
2026-10-09 16:50:32 [align] probe gen=B730E710 t=851.5 media=845.0 date=2026-10-09T20:50:26.883Z rate=1.00 status=playing
2026-10-09 16:50:33 [align] probe gen=B730E710 t=852.5 media=846.0 date=2026-10-09T20:50:27.882Z rate=1.00 status=playing
2026-10-09 16:50:34 [align] probe gen=B730E710 t=853.5 media=847.0 date=2026-10-09T20:50:28.882Z rate=1.00 status=playing
2026-10-09 16:50:35 [align] probe gen=B730E710 t=854.5 media=848.0 date=2026-10-09T20:50:29.882Z rate=1.00 status=playing
2026-10-09 16:50:36 [align] probe gen=B730E710 t=855.5 media=849.0 date=2026-10-09T20:50:30.882Z rate=1.00 status=playing
2026-10-09 16:50:37 [align] probe gen=B730E710 t=856.5 media=850.0 date=2026-10-09T20:50:31.882Z rate=1.00 status=playing
2026-10-09 16:50:38 [align] probe gen=B730E710 t=857.5 media=851.0 date=2026-10-09T20:50:32.882Z rate=1.00 status=playing
2026-10-09 16:50:39 [align] probe gen=B730E710 t=858.5 media=852.0 date=2026-10-09T20:50:33.882Z rate=1.00 status=playing
2026-10-09 16:50:40 [align] probe gen=B730E710 t=859.5 media=853.0 date=2026-10-09T20:50:34.882Z rate=1.00 status=playing
2026-10-09 16:50:41 [align] probe gen=B730E710 t=860.5 media=854.0 date=2026-10-09T20:50:35.882Z rate=1.00 status=playing
2026-10-09 16:50:42 [align] probe gen=B730E710 t=861.5 media=855.0 date=2026-10-09T20:50:36.882Z rate=1.00 status=playing
2026-10-09 16:50:43 [align] probe gen=B730E710 t=862.5 media=856.0 date=2026-10-09T20:50:37.882Z rate=1.00 status=playing
2026-10-09 16:50:44 [align] probe gen=B730E710 t=863.5 media=857.0 date=2026-10-09T20:50:38.882Z rate=1.00 status=playing
2026-10-09 16:50:45 [align] probe gen=B730E710 t=864.5 media=858.0 date=2026-10-09T20:50:39.882Z rate=1.00 status=playing
2026-10-09 16:50:46 [align] probe gen=B730E710 t=865.5 media=859.0 date=2026-10-09T20:50:40.881Z rate=1.00 status=playing
2026-10-09 16:50:47 [align] probe gen=B730E710 t=866.5 media=860.0 date=2026-10-09T20:50:41.881Z rate=1.00 status=playing
2026-10-09 16:50:48 [align] probe gen=B730E710 t=867.5 media=861.0 date=2026-10-09T20:50:42.881Z rate=1.00 status=playing
2026-10-09 16:50:49 [align] probe gen=B730E710 t=868.5 media=862.0 date=2026-10-09T20:50:43.881Z rate=1.00 status=playing
2026-10-09 16:50:50 [align] probe gen=B730E710 t=869.5 media=863.0 date=2026-10-09T20:50:44.881Z rate=1.00 status=playing
2026-10-09 16:50:51 [align] probe gen=B730E710 t=870.5 media=864.0 date=2026-10-09T20:50:45.880Z rate=1.00 status=playing
2026-10-09 16:50:52 [align] probe gen=B730E710 t=871.5 media=865.0 date=2026-10-09T20:50:46.880Z rate=1.00 status=playing
2026-10-09 16:50:53 [align] probe gen=B730E710 t=872.5 media=866.0 date=2026-10-09T20:50:47.880Z rate=1.00 status=playing
2026-10-09 16:50:54 [align] probe gen=B730E710 t=873.5 media=867.0 date=2026-10-09T20:50:48.880Z rate=1.00 status=playing
2026-10-09 16:50:54 [align] poll n=30 t=873.5 ok entries=10 age=30.0
2026-10-09 16:50:55 [align] probe gen=B730E710 t=874.5 media=868.0 date=2026-10-09T20:50:49.880Z rate=1.00 status=playing
2026-10-09 16:50:56 [align] probe gen=B730E710 t=875.5 media=869.0 date=2026-10-09T20:50:50.880Z rate=1.00 status=playing
2026-10-09 16:50:57 [align] probe gen=B730E710 t=876.5 media=870.0 date=2026-10-09T20:50:51.880Z rate=1.00 status=playing
2026-10-09 16:50:58 [align] probe gen=B730E710 t=877.5 media=871.0 date=2026-10-09T20:50:52.879Z rate=1.00 status=playing
2026-10-09 16:50:59 [align] probe gen=B730E710 t=878.5 media=872.0 date=2026-10-09T20:50:53.879Z rate=1.00 status=playing
2026-10-09 16:51:00 [align] probe gen=B730E710 t=879.5 media=873.0 date=2026-10-09T20:50:54.879Z rate=1.00 status=playing
2026-10-09 16:51:00 [align] decision t=879.5 candidate="The Letter Blue (Branchez Remix) - Heavy Duty — Wet" songSec=0.0 reason=estimated +160s; not verified audible
2026-10-09 16:51:01 [align] probe gen=B730E710 t=880.5 media=874.0 date=2026-10-09T20:50:55.879Z rate=1.00 status=playing
2026-10-09 16:51:02 [align] probe gen=B730E710 t=881.5 media=875.0 date=2026-10-09T20:50:56.879Z rate=1.00 status=playing
2026-10-09 16:51:03 [align] probe gen=B730E710 t=882.5 media=876.0 date=2026-10-09T20:50:57.878Z rate=1.00 status=playing
2026-10-09 16:51:04 [align] probe gen=B730E710 t=883.5 media=877.0 date=2026-10-09T20:50:58.878Z rate=1.00 status=playing
2026-10-09 16:51:05 [align] probe gen=B730E710 t=884.5 media=878.0 date=2026-10-09T20:50:59.878Z rate=1.00 status=playing
2026-10-09 16:51:06 [align] probe gen=B730E710 t=885.5 media=879.0 date=2026-10-09T20:51:00.878Z rate=1.00 status=playing
2026-10-09 16:51:07 [align] probe gen=B730E710 t=886.5 media=880.0 date=2026-10-09T20:51:01.878Z rate=1.00 status=playing
2026-10-09 16:51:08 [align] probe gen=B730E710 t=887.5 media=881.0 date=2026-10-09T20:51:02.878Z rate=1.00 status=playing
2026-10-09 16:51:09 [align] probe gen=B730E710 t=888.5 media=882.0 date=2026-10-09T20:51:03.877Z rate=1.00 status=playing
2026-10-09 16:51:10 [align] probe gen=B730E710 t=889.5 media=883.0 date=2026-10-09T20:51:04.877Z rate=1.00 status=playing
2026-10-09 16:51:11 [align] probe gen=B730E710 t=890.5 media=884.0 date=2026-10-09T20:51:05.877Z rate=1.00 status=playing
2026-10-09 16:51:12 [align] probe gen=B730E710 t=891.5 media=885.0 date=2026-10-09T20:51:06.877Z rate=1.00 status=playing
2026-10-09 16:51:13 [align] probe gen=B730E710 t=892.5 media=886.0 date=2026-10-09T20:51:07.877Z rate=1.00 status=playing
2026-10-09 16:51:14 [align] probe gen=B730E710 t=893.5 media=887.0 date=2026-10-09T20:51:08.877Z rate=1.00 status=playing
2026-10-09 16:51:15 [align] probe gen=B730E710 t=894.5 media=888.0 date=2026-10-09T20:51:09.877Z rate=1.00 status=playing
2026-10-09 16:51:16 [align] probe gen=B730E710 t=895.5 media=889.0 date=2026-10-09T20:51:10.876Z rate=1.00 status=playing
2026-10-09 16:51:17 [align] probe gen=B730E710 t=896.5 media=890.0 date=2026-10-09T20:51:11.876Z rate=1.00 status=playing
2026-10-09 16:51:18 [align] probe gen=B730E710 t=897.5 media=891.0 date=2026-10-09T20:51:12.877Z rate=1.00 status=playing
2026-10-09 16:51:19 [align] probe gen=B730E710 t=898.5 media=892.0 date=2026-10-09T20:51:13.876Z rate=1.00 status=playing
2026-10-09 16:51:20 [align] probe gen=B730E710 t=899.5 media=893.0 date=2026-10-09T20:51:14.876Z rate=1.00 status=playing
2026-10-09 16:51:21 [align] probe gen=B730E710 t=900.5 media=894.0 date=2026-10-09T20:51:15.876Z rate=1.00 status=playing
2026-10-09 16:51:21 [align] summary samples=898 polls=30 pollFailures=0 firstClock=6.4 sampleGapMax=1.1 pollGapMax=30.4 tailSampleGap=0.0 tailPollGap=27.0 rate=1.00-1.00
2026-10-09 16:51:21 [align] summary clockInvalid=none
2026-10-09 16:51:21 [align] summary window start=0 media=293.0 elapsed=293.1 ratio=1.000
2026-10-09 16:51:21 [align] summary window start=300 media=299.0 elapsed=299.0 ratio=1.000
2026-10-09 16:51:21 [align] summary window start=600 media=299.0 elapsed=299.0 ratio=1.000
2026-10-09 16:51:21 [align] verdict passed=false failures=1 kind=checkpoint
2026-10-09 16:51:21 [align] verdict - poll attempts 30 below 58
2026-10-09 16:51:22 [align] probe gen=B730E710 t=901.5 media=895.0 date=2026-10-09T20:51:16.876Z rate=1.00 status=playing
2026-10-09 16:51:23 [align] probe gen=B730E710 t=902.5 media=896.0 date=2026-10-09T20:51:17.876Z rate=1.00 status=playing
2026-10-09 16:51:24 [align] probe gen=B730E710 t=903.5 media=897.0 date=2026-10-09T20:51:18.876Z rate=1.00 status=playing
2026-10-09 16:51:24 [align] poll n=31 t=903.5 ok entries=10 age=nil
2026-10-09 16:51:25 [align] probe gen=B730E710 t=904.5 media=898.0 date=2026-10-09T20:51:19.876Z rate=1.00 status=playing
2026-10-09 16:51:26 [align] probe gen=B730E710 t=905.5 media=899.0 date=2026-10-09T20:51:20.876Z rate=1.00 status=playing
2026-10-09 16:51:27 [align] probe gen=B730E710 t=906.5 media=900.0 date=2026-10-09T20:51:21.876Z rate=1.00 status=playing
2026-10-09 16:51:28 [align] probe gen=B730E710 t=907.5 media=901.0 date=2026-10-09T20:51:22.875Z rate=1.00 status=playing
2026-10-09 16:51:29 [align] probe gen=B730E710 t=908.5 media=902.0 date=2026-10-09T20:51:23.875Z rate=1.00 status=playing
2026-10-09 16:51:30 [align] probe gen=B730E710 t=909.5 media=903.0 date=2026-10-09T20:51:24.875Z rate=1.00 status=playing
2026-10-09 16:51:31 [align] probe gen=B730E710 t=910.5 media=904.0 date=2026-10-09T20:51:25.875Z rate=1.00 status=playing
2026-10-09 16:51:32 [align] probe gen=B730E710 t=911.5 media=905.0 date=2026-10-09T20:51:26.875Z rate=1.00 status=playing
2026-10-09 16:51:33 [align] probe gen=B730E710 t=912.5 media=906.0 date=2026-10-09T20:51:27.874Z rate=1.00 status=playing
2026-10-09 16:51:34 [align] probe gen=B730E710 t=913.5 media=907.0 date=2026-10-09T20:51:28.874Z rate=1.00 status=playing
2026-10-09 16:51:35 [align] probe gen=B730E710 t=914.5 media=908.0 date=2026-10-09T20:51:29.874Z rate=1.00 status=playing
2026-10-09 16:51:36 [align] probe gen=B730E710 t=915.5 media=909.0 date=2026-10-09T20:51:30.874Z rate=1.00 status=playing
2026-10-09 16:51:37 [align] probe gen=B730E710 t=916.5 media=910.0 date=2026-10-09T20:51:31.874Z rate=1.00 status=playing
2026-10-09 16:51:38 [align] probe gen=B730E710 t=917.5 media=911.0 date=2026-10-09T20:51:32.874Z rate=1.00 status=playing
2026-10-09 16:51:39 [align] probe gen=B730E710 t=918.5 media=912.0 date=2026-10-09T20:51:33.873Z rate=1.00 status=playing
2026-10-09 16:51:40 [align] probe gen=B730E710 t=919.5 media=913.0 date=2026-10-09T20:51:34.873Z rate=1.00 status=playing
2026-10-09 16:51:41 [align] probe gen=B730E710 t=920.5 media=914.0 date=2026-10-09T20:51:35.873Z rate=1.00 status=playing
2026-10-09 16:51:42 [align] probe gen=B730E710 t=921.5 media=915.0 date=2026-10-09T20:51:36.873Z rate=1.00 status=playing
2026-10-09 16:51:43 [align] probe gen=B730E710 t=922.5 media=916.0 date=2026-10-09T20:51:37.873Z rate=1.00 status=playing
2026-10-09 16:51:44 [align] probe gen=B730E710 t=923.5 media=917.0 date=2026-10-09T20:51:38.873Z rate=1.00 status=playing
2026-10-09 16:51:45 [align] probe gen=B730E710 t=924.5 media=918.0 date=2026-10-09T20:51:39.873Z rate=1.00 status=playing
2026-10-09 16:51:46 [align] probe gen=B730E710 t=925.5 media=919.0 date=2026-10-09T20:51:40.872Z rate=1.00 status=playing
2026-10-09 16:51:47 [align] probe gen=B730E710 t=926.5 media=920.0 date=2026-10-09T20:51:41.872Z rate=1.00 status=playing
2026-10-09 16:51:48 [align] probe gen=B730E710 t=927.5 media=921.0 date=2026-10-09T20:51:42.872Z rate=1.00 status=playing
2026-10-09 16:51:49 [align] probe gen=B730E710 t=928.5 media=922.0 date=2026-10-09T20:51:43.872Z rate=1.00 status=playing
2026-10-09 16:51:50 [align] probe gen=B730E710 t=929.5 media=923.0 date=2026-10-09T20:51:44.872Z rate=1.00 status=playing
2026-10-09 16:51:51 [align] probe gen=B730E710 t=930.5 media=924.0 date=2026-10-09T20:51:45.872Z rate=1.00 status=playing
2026-10-09 16:51:52 [align] probe gen=B730E710 t=931.5 media=925.0 date=2026-10-09T20:51:46.872Z rate=1.00 status=playing
2026-10-09 16:51:53 [align] probe gen=B730E710 t=932.5 media=926.0 date=2026-10-09T20:51:47.872Z rate=1.00 status=playing
2026-10-09 16:51:54 [align] probe gen=B730E710 t=933.5 media=927.0 date=2026-10-09T20:51:48.872Z rate=1.00 status=playing
2026-10-09 16:51:54 [align] poll n=32 t=933.6 ok entries=10 age=30.0
2026-10-09 16:51:55 [align] probe gen=B730E710 t=934.5 media=928.0 date=2026-10-09T20:51:49.872Z rate=1.00 status=playing
2026-10-09 16:51:56 [align] probe gen=B730E710 t=935.5 media=929.0 date=2026-10-09T20:51:50.872Z rate=1.00 status=playing
2026-10-09 16:51:57 [align] probe gen=B730E710 t=936.5 media=930.0 date=2026-10-09T20:51:51.872Z rate=1.00 status=playing
2026-10-09 16:51:58 [align] probe gen=B730E710 t=937.5 media=931.0 date=2026-10-09T20:51:52.871Z rate=1.00 status=playing
2026-10-09 16:51:59 [align] probe gen=B730E710 t=938.5 media=932.0 date=2026-10-09T20:51:53.871Z rate=1.00 status=playing
2026-10-09 16:52:00 [align] probe gen=B730E710 t=939.5 media=933.0 date=2026-10-09T20:51:54.871Z rate=1.00 status=playing
2026-10-09 16:52:01 [align] probe gen=B730E710 t=940.5 media=934.0 date=2026-10-09T20:51:55.871Z rate=1.00 status=playing
2026-10-09 16:52:02 [align] probe gen=B730E710 t=941.5 media=935.0 date=2026-10-09T20:51:56.871Z rate=1.00 status=playing
2026-10-09 16:52:03 [align] probe gen=B730E710 t=942.5 media=936.0 date=2026-10-09T20:51:57.870Z rate=1.00 status=playing
2026-10-09 16:52:04 [align] probe gen=B730E710 t=943.5 media=937.0 date=2026-10-09T20:51:58.870Z rate=1.00 status=playing
2026-10-09 16:52:05 [align] probe gen=B730E710 t=944.5 media=938.0 date=2026-10-09T20:51:59.870Z rate=1.00 status=playing
2026-10-09 16:52:06 [align] probe gen=B730E710 t=945.5 media=939.0 date=2026-10-09T20:52:00.870Z rate=1.00 status=playing
2026-10-09 16:52:07 [align] probe gen=B730E710 t=946.5 media=940.0 date=2026-10-09T20:52:01.870Z rate=1.00 status=playing
2026-10-09 16:52:08 [align] probe gen=B730E710 t=947.5 media=941.0 date=2026-10-09T20:52:02.870Z rate=1.00 status=playing
2026-10-09 16:52:09 [align] probe gen=B730E710 t=948.5 media=942.0 date=2026-10-09T20:52:03.869Z rate=1.00 status=playing
2026-10-09 16:52:10 [align] probe gen=B730E710 t=949.5 media=943.0 date=2026-10-09T20:52:04.869Z rate=1.00 status=playing
2026-10-09 16:52:11 [align] probe gen=B730E710 t=950.5 media=944.0 date=2026-10-09T20:52:05.869Z rate=1.00 status=playing
2026-10-09 16:52:12 [align] probe gen=B730E710 t=951.5 media=945.0 date=2026-10-09T20:52:06.869Z rate=1.00 status=playing
2026-10-09 16:52:13 [align] probe gen=B730E710 t=952.5 media=946.0 date=2026-10-09T20:52:07.869Z rate=1.00 status=playing
2026-10-09 16:52:14 [align] probe gen=B730E710 t=953.5 media=947.0 date=2026-10-09T20:52:08.869Z rate=1.00 status=playing
2026-10-09 16:52:15 [align] probe gen=B730E710 t=954.5 media=948.0 date=2026-10-09T20:52:09.869Z rate=1.00 status=playing
2026-10-09 16:52:16 [align] probe gen=B730E710 t=955.5 media=949.0 date=2026-10-09T20:52:10.868Z rate=1.00 status=playing
2026-10-09 16:52:17 [align] probe gen=B730E710 t=956.5 media=950.0 date=2026-10-09T20:52:11.868Z rate=1.00 status=playing
2026-10-09 16:52:18 [align] probe gen=B730E710 t=957.5 media=951.0 date=2026-10-09T20:52:12.872Z rate=1.00 status=playing
2026-10-09 16:52:19 [align] probe gen=B730E710 t=958.5 media=952.0 date=2026-10-09T20:52:13.868Z rate=1.00 status=playing
2026-10-09 16:52:20 [align] probe gen=B730E710 t=959.5 media=953.0 date=2026-10-09T20:52:14.869Z rate=1.00 status=playing
2026-10-09 16:52:21 [align] probe gen=B730E710 t=960.5 media=954.0 date=2026-10-09T20:52:15.867Z rate=1.00 status=playing
2026-10-09 16:52:22 [align] probe gen=B730E710 t=961.5 media=955.0 date=2026-10-09T20:52:16.867Z rate=1.00 status=playing
2026-10-09 16:52:23 [align] probe gen=B730E710 t=962.5 media=956.0 date=2026-10-09T20:52:17.867Z rate=1.00 status=playing
2026-10-09 16:52:24 [align] probe gen=B730E710 t=963.5 media=957.0 date=2026-10-09T20:52:18.867Z rate=1.00 status=playing
2026-10-09 16:52:24 [align] poll n=33 t=963.7 ok entries=10 age=60.0
2026-10-09 16:52:25 [align] probe gen=B730E710 t=964.5 media=958.0 date=2026-10-09T20:52:19.868Z rate=1.00 status=playing
2026-10-09 16:52:26 [align] probe gen=B730E710 t=965.5 media=959.0 date=2026-10-09T20:52:20.868Z rate=1.00 status=playing
2026-10-09 16:52:27 [align] probe gen=B730E710 t=966.5 media=960.0 date=2026-10-09T20:52:21.867Z rate=1.00 status=playing
2026-10-09 16:52:28 [align] probe gen=B730E710 t=967.5 media=961.0 date=2026-10-09T20:52:22.866Z rate=1.00 status=playing
2026-10-09 16:52:29 [align] probe gen=B730E710 t=968.5 media=962.0 date=2026-10-09T20:52:23.866Z rate=1.00 status=playing
2026-10-09 16:52:30 [align] probe gen=B730E710 t=969.5 media=963.0 date=2026-10-09T20:52:24.866Z rate=1.00 status=playing
2026-10-09 16:52:31 [align] probe gen=B730E710 t=970.5 media=964.0 date=2026-10-09T20:52:25.866Z rate=1.00 status=playing
2026-10-09 16:52:32 [align] probe gen=B730E710 t=971.5 media=965.0 date=2026-10-09T20:52:26.866Z rate=1.00 status=playing
2026-10-09 16:52:33 [align] probe gen=B730E710 t=972.5 media=966.0 date=2026-10-09T20:52:27.866Z rate=1.00 status=playing
2026-10-09 16:52:34 [align] probe gen=B730E710 t=973.5 media=967.0 date=2026-10-09T20:52:28.866Z rate=1.00 status=playing
2026-10-09 16:52:35 [align] probe gen=B730E710 t=974.5 media=968.0 date=2026-10-09T20:52:29.866Z rate=1.00 status=playing
2026-10-09 16:52:36 [align] probe gen=B730E710 t=975.5 media=969.0 date=2026-10-09T20:52:30.866Z rate=1.00 status=playing
2026-10-09 16:52:37 [align] probe gen=B730E710 t=976.5 media=970.0 date=2026-10-09T20:52:31.866Z rate=1.00 status=playing
2026-10-09 16:52:38 [align] probe gen=B730E710 t=977.5 media=971.0 date=2026-10-09T20:52:32.866Z rate=1.00 status=playing
2026-10-09 16:52:39 [align] probe gen=B730E710 t=978.5 media=972.0 date=2026-10-09T20:52:33.865Z rate=1.00 status=playing
2026-10-09 16:52:40 [align] probe gen=B730E710 t=979.5 media=973.0 date=2026-10-09T20:52:34.865Z rate=1.00 status=playing
2026-10-09 16:52:41 [align] probe gen=B730E710 t=980.5 media=974.0 date=2026-10-09T20:52:35.865Z rate=1.00 status=playing
2026-10-09 16:52:42 [align] probe gen=B730E710 t=981.5 media=975.0 date=2026-10-09T20:52:36.865Z rate=1.00 status=playing
2026-10-09 16:52:43 [align] probe gen=B730E710 t=982.5 media=976.0 date=2026-10-09T20:52:37.865Z rate=1.00 status=playing
2026-10-09 16:52:44 [align] probe gen=B730E710 t=983.5 media=977.0 date=2026-10-09T20:52:38.865Z rate=1.00 status=playing
2026-10-09 16:52:45 [align] probe gen=B730E710 t=984.5 media=978.0 date=2026-10-09T20:52:39.865Z rate=1.00 status=playing
2026-10-09 16:52:46 [align] probe gen=B730E710 t=985.5 media=979.0 date=2026-10-09T20:52:40.864Z rate=1.00 status=playing
2026-10-09 16:52:47 [align] probe gen=B730E710 t=986.5 media=980.0 date=2026-10-09T20:52:41.864Z rate=1.00 status=playing
2026-10-09 16:52:48 [align] probe gen=B730E710 t=987.5 media=981.0 date=2026-10-09T20:52:42.864Z rate=1.00 status=playing
2026-10-09 16:52:49 [align] probe gen=B730E710 t=988.5 media=982.0 date=2026-10-09T20:52:43.864Z rate=1.00 status=playing
2026-10-09 16:52:50 [align] probe gen=B730E710 t=989.5 media=983.0 date=2026-10-09T20:52:44.864Z rate=1.00 status=playing
2026-10-09 16:52:51 [align] probe gen=B730E710 t=990.5 media=984.0 date=2026-10-09T20:52:45.863Z rate=1.00 status=playing
2026-10-09 16:52:52 [align] probe gen=B730E710 t=991.5 media=985.0 date=2026-10-09T20:52:46.863Z rate=1.00 status=playing
2026-10-09 16:52:53 [align] probe gen=B730E710 t=992.5 media=986.0 date=2026-10-09T20:52:47.863Z rate=1.00 status=playing
2026-10-09 16:52:54 [align] probe gen=B730E710 t=993.5 media=987.0 date=2026-10-09T20:52:48.863Z rate=1.00 status=playing
2026-10-09 16:52:55 [align] poll n=34 t=994.1 ok entries=10 age=nil
2026-10-09 16:52:55 [align] probe gen=B730E710 t=994.5 media=988.0 date=2026-10-09T20:52:49.863Z rate=1.00 status=playing
2026-10-09 16:52:56 [align] probe gen=B730E710 t=995.5 media=989.0 date=2026-10-09T20:52:50.863Z rate=1.00 status=playing
2026-10-09 16:52:57 [align] probe gen=B730E710 t=996.5 media=990.0 date=2026-10-09T20:52:51.863Z rate=1.00 status=playing
2026-10-09 16:52:58 [align] probe gen=B730E710 t=997.5 media=991.0 date=2026-10-09T20:52:52.862Z rate=1.00 status=playing
2026-10-09 16:52:59 [align] probe gen=B730E710 t=998.5 media=992.0 date=2026-10-09T20:52:53.862Z rate=1.00 status=playing
2026-10-09 16:53:00 [align] probe gen=B730E710 t=999.5 media=993.0 date=2026-10-09T20:52:54.862Z rate=1.00 status=playing
2026-10-09 16:53:01 [align] probe gen=B730E710 t=1000.5 media=994.0 date=2026-10-09T20:52:55.862Z rate=1.00 status=playing
2026-10-09 16:53:02 [align] probe gen=B730E710 t=1001.5 media=995.0 date=2026-10-09T20:52:56.862Z rate=1.00 status=playing
2026-10-09 16:53:03 [align] probe gen=B730E710 t=1002.5 media=996.0 date=2026-10-09T20:52:57.861Z rate=1.00 status=playing
2026-10-09 16:53:04 [align] probe gen=B730E710 t=1003.5 media=997.0 date=2026-10-09T20:52:58.861Z rate=1.00 status=playing
2026-10-09 16:53:05 [align] probe gen=B730E710 t=1004.5 media=998.0 date=2026-10-09T20:52:59.862Z rate=1.00 status=playing
2026-10-09 16:53:06 [align] probe gen=B730E710 t=1005.5 media=999.0 date=2026-10-09T20:53:00.861Z rate=1.00 status=playing
2026-10-09 16:53:07 [align] probe gen=B730E710 t=1006.5 media=1000.0 date=2026-10-09T20:53:01.861Z rate=1.00 status=playing
2026-10-09 16:53:08 [align] probe gen=B730E710 t=1007.5 media=1001.0 date=2026-10-09T20:53:02.861Z rate=1.00 status=playing
2026-10-09 16:53:09 [align] probe gen=B730E710 t=1008.5 media=1002.0 date=2026-10-09T20:53:03.861Z rate=1.00 status=playing
2026-10-09 16:53:10 [align] probe gen=B730E710 t=1009.5 media=1003.0 date=2026-10-09T20:53:04.861Z rate=1.00 status=playing
2026-10-09 16:53:11 [align] probe gen=B730E710 t=1010.5 media=1004.0 date=2026-10-09T20:53:05.861Z rate=1.00 status=playing
2026-10-09 16:53:12 [align] probe gen=B730E710 t=1011.5 media=1005.0 date=2026-10-09T20:53:06.861Z rate=1.00 status=playing
2026-10-09 16:53:13 [align] probe gen=B730E710 t=1012.5 media=1006.0 date=2026-10-09T20:53:07.861Z rate=1.00 status=playing
2026-10-09 16:53:14 [align] probe gen=B730E710 t=1013.5 media=1007.0 date=2026-10-09T20:53:08.861Z rate=1.00 status=playing
2026-10-09 16:53:15 [align] probe gen=B730E710 t=1014.5 media=1008.0 date=2026-10-09T20:53:09.861Z rate=1.00 status=playing
2026-10-09 16:53:16 [align] probe gen=B730E710 t=1015.5 media=1009.0 date=2026-10-09T20:53:10.860Z rate=1.00 status=playing
2026-10-09 16:53:17 [align] probe gen=B730E710 t=1016.5 media=1010.0 date=2026-10-09T20:53:11.860Z rate=1.00 status=playing
2026-10-09 16:53:18 [align] probe gen=B730E710 t=1017.5 media=1011.0 date=2026-10-09T20:53:12.860Z rate=1.00 status=playing
2026-10-09 16:53:19 [align] probe gen=B730E710 t=1018.5 media=1012.0 date=2026-10-09T20:53:13.860Z rate=1.00 status=playing
2026-10-09 16:53:20 [align] probe gen=B730E710 t=1019.5 media=1013.0 date=2026-10-09T20:53:14.860Z rate=1.00 status=playing
2026-10-09 16:53:21 [align] probe gen=B730E710 t=1020.5 media=1014.0 date=2026-10-09T20:53:15.859Z rate=1.00 status=playing
2026-10-09 16:53:22 [align] probe gen=B730E710 t=1021.5 media=1015.0 date=2026-10-09T20:53:16.859Z rate=1.00 status=playing
2026-10-09 16:53:23 [align] probe gen=B730E710 t=1022.5 media=1016.0 date=2026-10-09T20:53:17.859Z rate=1.00 status=playing
2026-10-09 16:53:24 [align] probe gen=B730E710 t=1023.5 media=1017.0 date=2026-10-09T20:53:18.859Z rate=1.00 status=playing
2026-10-09 16:53:24 [align] decision t=1023.5 candidate="Just Can't Wait (MUSCLECARS Remix) — Kokoroko" songSec=0.0 reason=estimated +160s; not verified audible
2026-10-09 16:53:25 [align] poll n=35 t=1024.3 ok entries=10 age=30.0
2026-10-09 16:53:25 [align] probe gen=B730E710 t=1024.5 media=1018.0 date=2026-10-09T20:53:19.859Z rate=1.00 status=playing
2026-10-09 16:53:26 [align] probe gen=B730E710 t=1025.5 media=1019.0 date=2026-10-09T20:53:20.859Z rate=1.00 status=playing
2026-10-09 16:53:27 [align] probe gen=B730E710 t=1026.5 media=1020.0 date=2026-10-09T20:53:21.859Z rate=1.00 status=playing
2026-10-09 16:53:28 [align] probe gen=B730E710 t=1027.5 media=1021.0 date=2026-10-09T20:53:22.858Z rate=1.00 status=playing
2026-10-09 16:53:29 [align] probe gen=B730E710 t=1028.5 media=1022.0 date=2026-10-09T20:53:23.858Z rate=1.00 status=playing
2026-10-09 16:53:30 [align] probe gen=B730E710 t=1029.5 media=1023.0 date=2026-10-09T20:53:24.858Z rate=1.00 status=playing
2026-10-09 16:53:31 [align] probe gen=B730E710 t=1030.5 media=1024.0 date=2026-10-09T20:53:25.858Z rate=1.00 status=playing
2026-10-09 16:53:32 [align] probe gen=B730E710 t=1031.5 media=1025.0 date=2026-10-09T20:53:26.858Z rate=1.00 status=playing
2026-10-09 16:53:33 [align] probe gen=B730E710 t=1032.5 media=1026.0 date=2026-10-09T20:53:27.857Z rate=1.00 status=playing
2026-10-09 16:53:34 [align] probe gen=B730E710 t=1033.5 media=1027.0 date=2026-10-09T20:53:28.857Z rate=1.00 status=playing
2026-10-09 16:53:35 [align] probe gen=B730E710 t=1034.5 media=1028.0 date=2026-10-09T20:53:29.857Z rate=1.00 status=playing
2026-10-09 16:53:36 [align] probe gen=B730E710 t=1035.5 media=1029.0 date=2026-10-09T20:53:30.857Z rate=1.00 status=playing
2026-10-09 16:53:37 [align] probe gen=B730E710 t=1036.5 media=1030.0 date=2026-10-09T20:53:31.857Z rate=1.00 status=playing
2026-10-09 16:53:38 [align] probe gen=B730E710 t=1037.5 media=1031.0 date=2026-10-09T20:53:32.857Z rate=1.00 status=playing
2026-10-09 16:53:39 [align] probe gen=B730E710 t=1038.5 media=1032.0 date=2026-10-09T20:53:33.857Z rate=1.00 status=playing
2026-10-09 16:53:40 [align] probe gen=B730E710 t=1039.5 media=1033.0 date=2026-10-09T20:53:34.857Z rate=1.00 status=playing
2026-10-09 16:53:41 [align] probe gen=B730E710 t=1040.5 media=1034.0 date=2026-10-09T20:53:35.857Z rate=1.00 status=playing
2026-10-09 16:53:42 [align] probe gen=B730E710 t=1041.5 media=1035.0 date=2026-10-09T20:53:36.857Z rate=1.00 status=playing
2026-10-09 16:53:43 [align] probe gen=B730E710 t=1042.5 media=1036.0 date=2026-10-09T20:53:37.857Z rate=1.00 status=playing
2026-10-09 16:53:44 [align] probe gen=B730E710 t=1043.5 media=1037.0 date=2026-10-09T20:53:38.857Z rate=1.00 status=playing
2026-10-09 16:53:45 [align] probe gen=B730E710 t=1044.5 media=1038.0 date=2026-10-09T20:53:39.857Z rate=1.00 status=playing
2026-10-09 16:53:46 [align] probe gen=B730E710 t=1045.5 media=1039.0 date=2026-10-09T20:53:40.856Z rate=1.00 status=playing
2026-10-09 16:53:47 [align] probe gen=B730E710 t=1046.5 media=1040.0 date=2026-10-09T20:53:41.856Z rate=1.00 status=playing
2026-10-09 16:53:48 [align] probe gen=B730E710 t=1047.5 media=1041.0 date=2026-10-09T20:53:42.856Z rate=1.00 status=playing
2026-10-09 16:53:49 [align] probe gen=B730E710 t=1048.5 media=1042.0 date=2026-10-09T20:53:43.856Z rate=1.00 status=playing
2026-10-09 16:53:50 [align] probe gen=B730E710 t=1049.5 media=1043.0 date=2026-10-09T20:53:44.856Z rate=1.00 status=playing
2026-10-09 16:53:51 [align] probe gen=B730E710 t=1050.5 media=1044.0 date=2026-10-09T20:53:45.855Z rate=1.00 status=playing
2026-10-09 16:53:52 [align] probe gen=B730E710 t=1051.5 media=1045.0 date=2026-10-09T20:53:46.855Z rate=1.00 status=playing
2026-10-09 16:53:53 [align] probe gen=B730E710 t=1052.5 media=1046.0 date=2026-10-09T20:53:47.855Z rate=1.00 status=playing
2026-10-09 16:53:54 [align] probe gen=B730E710 t=1053.5 media=1047.0 date=2026-10-09T20:53:48.855Z rate=1.00 status=playing
2026-10-09 16:53:55 [align] probe gen=B730E710 t=1054.5 media=1048.0 date=2026-10-09T20:53:49.855Z rate=1.00 status=playing
2026-10-09 16:53:55 [align] poll n=36 t=1054.4 ok entries=10 age=nil
2026-10-09 16:53:56 [align] probe gen=B730E710 t=1055.5 media=1049.0 date=2026-10-09T20:53:50.855Z rate=1.00 status=playing
2026-10-09 16:53:57 [align] probe gen=B730E710 t=1056.5 media=1050.0 date=2026-10-09T20:53:51.855Z rate=1.00 status=playing
2026-10-09 16:53:58 [align] probe gen=B730E710 t=1057.5 media=1051.0 date=2026-10-09T20:53:52.854Z rate=1.00 status=playing
2026-10-09 16:53:59 [align] probe gen=B730E710 t=1058.5 media=1052.0 date=2026-10-09T20:53:53.854Z rate=1.00 status=playing
2026-10-09 16:54:00 [align] probe gen=B730E710 t=1059.5 media=1053.0 date=2026-10-09T20:53:54.854Z rate=1.00 status=playing
2026-10-09 16:54:01 [align] probe gen=B730E710 t=1060.5 media=1054.0 date=2026-10-09T20:53:55.854Z rate=1.00 status=playing
2026-10-09 16:54:02 [align] probe gen=B730E710 t=1061.5 media=1055.0 date=2026-10-09T20:53:56.854Z rate=1.00 status=playing
2026-10-09 16:54:03 [align] probe gen=B730E710 t=1062.5 media=1056.0 date=2026-10-09T20:53:57.853Z rate=1.00 status=playing
2026-10-09 16:54:04 [align] probe gen=B730E710 t=1063.5 media=1057.0 date=2026-10-09T20:53:58.853Z rate=1.00 status=playing
2026-10-09 16:54:05 [align] probe gen=B730E710 t=1064.5 media=1058.0 date=2026-10-09T20:53:59.853Z rate=1.00 status=playing
2026-10-09 16:54:06 [align] probe gen=B730E710 t=1065.5 media=1059.0 date=2026-10-09T20:54:00.853Z rate=1.00 status=playing
2026-10-09 16:54:07 [align] probe gen=B730E710 t=1066.5 media=1060.0 date=2026-10-09T20:54:01.853Z rate=1.00 status=playing
2026-10-09 16:54:08 [align] probe gen=B730E710 t=1067.5 media=1061.0 date=2026-10-09T20:54:02.853Z rate=1.00 status=playing
2026-10-09 16:54:09 [align] probe gen=B730E710 t=1068.5 media=1062.0 date=2026-10-09T20:54:03.852Z rate=1.00 status=playing
2026-10-09 16:54:10 [align] probe gen=B730E710 t=1069.5 media=1063.0 date=2026-10-09T20:54:04.852Z rate=1.00 status=playing
2026-10-09 16:54:11 [align] probe gen=B730E710 t=1070.5 media=1064.0 date=2026-10-09T20:54:05.852Z rate=1.00 status=playing
2026-10-09 16:54:12 [align] probe gen=B730E710 t=1071.5 media=1065.0 date=2026-10-09T20:54:06.852Z rate=1.00 status=playing
2026-10-09 16:54:13 [align] probe gen=B730E710 t=1072.5 media=1066.0 date=2026-10-09T20:54:07.852Z rate=1.00 status=playing
2026-10-09 16:54:14 [align] probe gen=B730E710 t=1073.5 media=1067.0 date=2026-10-09T20:54:08.852Z rate=1.00 status=playing
2026-10-09 16:54:15 [align] probe gen=B730E710 t=1074.5 media=1068.0 date=2026-10-09T20:54:09.852Z rate=1.00 status=playing
2026-10-09 16:54:16 [align] probe gen=B730E710 t=1075.5 media=1069.0 date=2026-10-09T20:54:10.851Z rate=1.00 status=playing
2026-10-09 16:54:17 [align] probe gen=B730E710 t=1076.5 media=1070.0 date=2026-10-09T20:54:11.851Z rate=1.00 status=playing
2026-10-09 16:54:18 [align] probe gen=B730E710 t=1077.5 media=1071.0 date=2026-10-09T20:54:12.851Z rate=1.00 status=playing
2026-10-09 16:54:19 [align] probe gen=B730E710 t=1078.5 media=1072.0 date=2026-10-09T20:54:13.851Z rate=1.00 status=playing
2026-10-09 16:54:20 [align] probe gen=B730E710 t=1079.5 media=1073.0 date=2026-10-09T20:54:14.851Z rate=1.00 status=playing
2026-10-09 16:54:21 [align] probe gen=B730E710 t=1080.5 media=1074.0 date=2026-10-09T20:54:15.851Z rate=1.00 status=playing
2026-10-09 16:54:22 [align] probe gen=B730E710 t=1081.5 media=1075.0 date=2026-10-09T20:54:16.851Z rate=1.00 status=playing
2026-10-09 16:54:23 [align] probe gen=B730E710 t=1082.5 media=1076.0 date=2026-10-09T20:54:17.851Z rate=1.00 status=playing
2026-10-09 16:54:24 [align] probe gen=B730E710 t=1083.5 media=1077.0 date=2026-10-09T20:54:18.851Z rate=1.00 status=playing
2026-10-09 16:54:25 [align] poll n=37 t=1084.5 ok entries=10 age=30.0
2026-10-09 16:54:25 [align] probe gen=B730E710 t=1084.5 media=1078.0 date=2026-10-09T20:54:19.851Z rate=1.00 status=playing
2026-10-09 16:54:26 [align] probe gen=B730E710 t=1085.5 media=1079.0 date=2026-10-09T20:54:20.851Z rate=1.00 status=playing
2026-10-09 16:54:27 [align] probe gen=B730E710 t=1086.5 media=1080.0 date=2026-10-09T20:54:21.851Z rate=1.00 status=playing
2026-10-09 16:54:28 [align] probe gen=B730E710 t=1087.5 media=1081.0 date=2026-10-09T20:54:22.850Z rate=1.00 status=playing
2026-10-09 16:54:29 [align] probe gen=B730E710 t=1088.5 media=1082.0 date=2026-10-09T20:54:23.850Z rate=1.00 status=playing
2026-10-09 16:54:30 [align] probe gen=B730E710 t=1089.5 media=1083.0 date=2026-10-09T20:54:24.850Z rate=1.00 status=playing
2026-10-09 16:54:31 [align] probe gen=B730E710 t=1090.5 media=1084.0 date=2026-10-09T20:54:25.850Z rate=1.00 status=playing
2026-10-09 16:54:32 [align] probe gen=B730E710 t=1091.5 media=1085.0 date=2026-10-09T20:54:26.850Z rate=1.00 status=playing
2026-10-09 16:54:33 [align] probe gen=B730E710 t=1092.5 media=1086.0 date=2026-10-09T20:54:27.849Z rate=1.00 status=playing
2026-10-09 16:54:34 [align] probe gen=B730E710 t=1093.5 media=1087.0 date=2026-10-09T20:54:28.849Z rate=1.00 status=playing
2026-10-09 16:54:35 [align] probe gen=B730E710 t=1094.5 media=1088.0 date=2026-10-09T20:54:29.849Z rate=1.00 status=playing
2026-10-09 16:54:36 [align] probe gen=B730E710 t=1095.5 media=1089.0 date=2026-10-09T20:54:30.849Z rate=1.00 status=playing
2026-10-09 16:54:37 [align] probe gen=B730E710 t=1096.5 media=1090.0 date=2026-10-09T20:54:31.849Z rate=1.00 status=playing
2026-10-09 16:54:38 [align] probe gen=B730E710 t=1097.5 media=1091.0 date=2026-10-09T20:54:32.849Z rate=1.00 status=playing
2026-10-09 16:54:39 [align] probe gen=B730E710 t=1098.5 media=1092.0 date=2026-10-09T20:54:33.848Z rate=1.00 status=playing
2026-10-09 16:54:40 [align] probe gen=B730E710 t=1099.5 media=1093.0 date=2026-10-09T20:54:34.848Z rate=1.00 status=playing
2026-10-09 16:54:41 [align] probe gen=B730E710 t=1100.5 media=1094.0 date=2026-10-09T20:54:35.848Z rate=1.00 status=playing
2026-10-09 16:54:42 [align] probe gen=B730E710 t=1101.5 media=1095.0 date=2026-10-09T20:54:36.848Z rate=1.00 status=playing
2026-10-09 16:54:43 [align] probe gen=B730E710 t=1102.5 media=1096.0 date=2026-10-09T20:54:37.848Z rate=1.00 status=playing
2026-10-09 16:54:44 [align] probe gen=B730E710 t=1103.5 media=1097.0 date=2026-10-09T20:54:38.848Z rate=1.00 status=playing
2026-10-09 16:54:45 [align] probe gen=B730E710 t=1104.5 media=1098.0 date=2026-10-09T20:54:39.848Z rate=1.00 status=playing
2026-10-09 16:54:46 [align] probe gen=B730E710 t=1105.5 media=1099.0 date=2026-10-09T20:54:40.847Z rate=1.00 status=playing
2026-10-09 16:54:47 [align] probe gen=B730E710 t=1106.5 media=1100.0 date=2026-10-09T20:54:41.847Z rate=1.00 status=playing
2026-10-09 16:54:48 [align] probe gen=B730E710 t=1107.5 media=1101.0 date=2026-10-09T20:54:42.847Z rate=1.00 status=playing
2026-10-09 16:54:49 [align] probe gen=B730E710 t=1108.5 media=1102.0 date=2026-10-09T20:54:43.847Z rate=1.00 status=playing
2026-10-09 16:54:50 [align] probe gen=B730E710 t=1109.5 media=1103.0 date=2026-10-09T20:54:44.847Z rate=1.00 status=playing
2026-10-09 16:54:51 [align] probe gen=B730E710 t=1110.5 media=1104.0 date=2026-10-09T20:54:45.846Z rate=1.00 status=playing
2026-10-09 16:54:52 [align] probe gen=B730E710 t=1111.5 media=1105.0 date=2026-10-09T20:54:46.846Z rate=1.00 status=playing
2026-10-09 16:54:53 [align] probe gen=B730E710 t=1112.5 media=1106.0 date=2026-10-09T20:54:47.847Z rate=1.00 status=playing
2026-10-09 16:54:54 [align] probe gen=B730E710 t=1113.5 media=1107.0 date=2026-10-09T20:54:48.846Z rate=1.00 status=playing
2026-10-09 16:54:55 [align] probe gen=B730E710 t=1114.5 media=1108.0 date=2026-10-09T20:54:49.846Z rate=1.00 status=playing
2026-10-09 16:54:55 [align] poll n=38 t=1114.5 ok entries=10 age=nil
2026-10-09 16:54:56 [align] probe gen=B730E710 t=1115.5 media=1109.0 date=2026-10-09T20:54:50.847Z rate=1.00 status=playing
2026-10-09 16:54:57 [align] probe gen=B730E710 t=1116.5 media=1110.0 date=2026-10-09T20:54:51.846Z rate=1.00 status=playing
2026-10-09 16:54:58 [align] probe gen=B730E710 t=1117.5 media=1111.0 date=2026-10-09T20:54:52.845Z rate=1.00 status=playing
2026-10-09 16:54:59 [align] probe gen=B730E710 t=1118.5 media=1112.0 date=2026-10-09T20:54:53.845Z rate=1.00 status=playing
2026-10-09 16:55:00 [align] probe gen=B730E710 t=1119.5 media=1113.0 date=2026-10-09T20:54:54.845Z rate=1.00 status=playing
2026-10-09 16:55:01 [align] probe gen=B730E710 t=1120.5 media=1114.0 date=2026-10-09T20:54:55.845Z rate=1.00 status=playing
2026-10-09 16:55:02 [align] probe gen=B730E710 t=1121.5 media=1115.0 date=2026-10-09T20:54:56.845Z rate=1.00 status=playing
2026-10-09 16:55:03 [align] probe gen=B730E710 t=1122.5 media=1116.0 date=2026-10-09T20:54:57.845Z rate=1.00 status=playing
2026-10-09 16:55:04 [align] probe gen=B730E710 t=1123.5 media=1117.0 date=2026-10-09T20:54:58.845Z rate=1.00 status=playing
2026-10-09 16:55:05 [align] probe gen=B730E710 t=1124.5 media=1118.0 date=2026-10-09T20:54:59.845Z rate=1.00 status=playing
2026-10-09 16:55:06 [align] probe gen=B730E710 t=1125.5 media=1119.0 date=2026-10-09T20:55:00.845Z rate=1.00 status=playing
2026-10-09 16:55:07 [align] probe gen=B730E710 t=1126.5 media=1120.0 date=2026-10-09T20:55:01.845Z rate=1.00 status=playing
2026-10-09 16:55:08 [align] probe gen=B730E710 t=1127.5 media=1121.0 date=2026-10-09T20:55:02.845Z rate=1.00 status=playing
2026-10-09 16:55:09 [align] probe gen=B730E710 t=1128.5 media=1122.0 date=2026-10-09T20:55:03.844Z rate=1.00 status=playing
2026-10-09 16:55:10 [align] probe gen=B730E710 t=1129.5 media=1123.0 date=2026-10-09T20:55:04.844Z rate=1.00 status=playing
2026-10-09 16:55:11 [align] probe gen=B730E710 t=1130.5 media=1124.0 date=2026-10-09T20:55:05.844Z rate=1.00 status=playing
2026-10-09 16:55:12 [align] probe gen=B730E710 t=1131.5 media=1125.0 date=2026-10-09T20:55:06.844Z rate=1.00 status=playing
2026-10-09 16:55:13 [align] probe gen=B730E710 t=1132.5 media=1126.0 date=2026-10-09T20:55:07.844Z rate=1.00 status=playing
2026-10-09 16:55:14 [align] probe gen=B730E710 t=1133.5 media=1127.0 date=2026-10-09T20:55:08.844Z rate=1.00 status=playing
2026-10-09 16:55:15 [align] probe gen=B730E710 t=1134.5 media=1128.0 date=2026-10-09T20:55:09.844Z rate=1.00 status=playing
2026-10-09 16:55:16 [align] probe gen=B730E710 t=1135.5 media=1129.0 date=2026-10-09T20:55:10.843Z rate=1.00 status=playing
2026-10-09 16:55:17 [align] probe gen=B730E710 t=1136.5 media=1130.0 date=2026-10-09T20:55:11.843Z rate=1.00 status=playing
2026-10-09 16:55:18 [align] probe gen=B730E710 t=1137.5 media=1131.0 date=2026-10-09T20:55:12.843Z rate=1.00 status=playing
2026-10-09 16:55:19 [align] probe gen=B730E710 t=1138.5 media=1132.0 date=2026-10-09T20:55:13.843Z rate=1.00 status=playing
2026-10-09 16:55:20 [align] probe gen=B730E710 t=1139.5 media=1133.0 date=2026-10-09T20:55:14.843Z rate=1.00 status=playing
2026-10-09 16:55:21 [align] probe gen=B730E710 t=1140.5 media=1134.0 date=2026-10-09T20:55:15.842Z rate=1.00 status=playing
2026-10-09 16:55:22 [align] probe gen=B730E710 t=1141.5 media=1135.0 date=2026-10-09T20:55:16.842Z rate=1.00 status=playing
2026-10-09 16:55:23 [align] probe gen=B730E710 t=1142.5 media=1136.0 date=2026-10-09T20:55:17.842Z rate=1.00 status=playing
2026-10-09 16:55:24 [align] probe gen=B730E710 t=1143.5 media=1137.0 date=2026-10-09T20:55:18.842Z rate=1.00 status=playing
2026-10-09 16:55:25 [align] probe gen=B730E710 t=1144.5 media=1138.0 date=2026-10-09T20:55:19.842Z rate=1.00 status=playing
2026-10-09 16:55:25 [align] poll n=39 t=1144.5 ok entries=10 age=30.0
2026-10-09 16:55:26 [align] probe gen=B730E710 t=1145.5 media=1139.0 date=2026-10-09T20:55:20.842Z rate=1.00 status=playing
2026-10-09 16:55:27 [align] probe gen=B730E710 t=1146.5 media=1140.0 date=2026-10-09T20:55:21.842Z rate=1.00 status=playing
2026-10-09 16:55:28 [align] probe gen=B730E710 t=1147.5 media=1141.0 date=2026-10-09T20:55:22.841Z rate=1.00 status=playing
2026-10-09 16:55:29 [align] probe gen=B730E710 t=1148.5 media=1142.0 date=2026-10-09T20:55:23.841Z rate=1.00 status=playing
2026-10-09 16:55:30 [align] probe gen=B730E710 t=1149.5 media=1143.0 date=2026-10-09T20:55:24.841Z rate=1.00 status=playing
2026-10-09 16:55:31 [align] probe gen=B730E710 t=1150.5 media=1144.0 date=2026-10-09T20:55:25.841Z rate=1.00 status=playing
2026-10-09 16:55:32 [align] probe gen=B730E710 t=1151.5 media=1145.0 date=2026-10-09T20:55:26.841Z rate=1.00 status=playing
2026-10-09 16:55:33 [align] probe gen=B730E710 t=1152.5 media=1146.0 date=2026-10-09T20:55:27.841Z rate=1.00 status=playing
2026-10-09 16:55:34 [align] probe gen=B730E710 t=1153.5 media=1147.0 date=2026-10-09T20:55:28.841Z rate=1.00 status=playing
2026-10-09 16:55:35 [align] probe gen=B730E710 t=1154.5 media=1148.0 date=2026-10-09T20:55:29.841Z rate=1.00 status=playing
2026-10-09 16:55:36 [align] probe gen=B730E710 t=1155.5 media=1149.0 date=2026-10-09T20:55:30.841Z rate=1.00 status=playing
2026-10-09 16:55:37 [align] probe gen=B730E710 t=1156.5 media=1150.0 date=2026-10-09T20:55:31.841Z rate=1.00 status=playing
2026-10-09 16:55:38 [align] probe gen=B730E710 t=1157.5 media=1151.0 date=2026-10-09T20:55:32.841Z rate=1.00 status=playing
2026-10-09 16:55:39 [align] probe gen=B730E710 t=1158.5 media=1152.0 date=2026-10-09T20:55:33.840Z rate=1.00 status=playing
2026-10-09 16:55:40 [align] probe gen=B730E710 t=1159.5 media=1153.0 date=2026-10-09T20:55:34.840Z rate=1.00 status=playing
2026-10-09 16:55:41 [align] probe gen=B730E710 t=1160.5 media=1154.0 date=2026-10-09T20:55:35.840Z rate=1.00 status=playing
2026-10-09 16:55:42 [align] probe gen=B730E710 t=1161.5 media=1155.0 date=2026-10-09T20:55:36.840Z rate=1.00 status=playing
2026-10-09 16:55:43 [align] probe gen=B730E710 t=1162.5 media=1156.0 date=2026-10-09T20:55:37.840Z rate=1.00 status=playing
2026-10-09 16:55:44 [align] probe gen=B730E710 t=1163.5 media=1157.0 date=2026-10-09T20:55:38.840Z rate=1.00 status=playing
2026-10-09 16:55:45 [align] probe gen=B730E710 t=1164.5 media=1158.0 date=2026-10-09T20:55:39.840Z rate=1.00 status=playing
2026-10-09 16:55:46 [align] probe gen=B730E710 t=1165.5 media=1159.0 date=2026-10-09T20:55:40.839Z rate=1.00 status=playing
2026-10-09 16:55:47 [align] probe gen=B730E710 t=1166.5 media=1160.0 date=2026-10-09T20:55:41.839Z rate=1.00 status=playing
2026-10-09 16:55:48 [align] probe gen=B730E710 t=1167.5 media=1161.0 date=2026-10-09T20:55:42.839Z rate=1.00 status=playing
2026-10-09 16:55:49 [align] probe gen=B730E710 t=1168.5 media=1162.0 date=2026-10-09T20:55:43.839Z rate=1.00 status=playing
2026-10-09 16:55:50 [align] probe gen=B730E710 t=1169.5 media=1163.0 date=2026-10-09T20:55:44.839Z rate=1.00 status=playing
2026-10-09 16:55:51 [align] probe gen=B730E710 t=1170.5 media=1164.0 date=2026-10-09T20:55:45.838Z rate=1.00 status=playing
2026-10-09 16:55:52 [align] probe gen=B730E710 t=1171.5 media=1165.0 date=2026-10-09T20:55:46.838Z rate=1.00 status=playing
2026-10-09 16:55:53 [align] probe gen=B730E710 t=1172.5 media=1166.0 date=2026-10-09T20:55:47.838Z rate=1.00 status=playing
2026-10-09 16:55:54 [align] probe gen=B730E710 t=1173.5 media=1167.0 date=2026-10-09T20:55:48.838Z rate=1.00 status=playing
2026-10-09 16:55:55 [align] probe gen=B730E710 t=1174.5 media=1168.0 date=2026-10-09T20:55:49.838Z rate=1.00 status=playing
2026-10-09 16:55:55 [align] poll n=40 t=1174.5 ok entries=10 age=nil
2026-10-09 16:55:56 [align] probe gen=B730E710 t=1175.5 media=1169.0 date=2026-10-09T20:55:50.838Z rate=1.00 status=playing
2026-10-09 16:55:57 [align] probe gen=B730E710 t=1176.5 media=1170.0 date=2026-10-09T20:55:51.838Z rate=1.00 status=playing
2026-10-09 16:55:58 [align] probe gen=B730E710 t=1177.5 media=1171.0 date=2026-10-09T20:55:52.837Z rate=1.00 status=playing
2026-10-09 16:55:59 [align] probe gen=B730E710 t=1178.5 media=1172.0 date=2026-10-09T20:55:53.837Z rate=1.00 status=playing
2026-10-09 16:56:00 [align] probe gen=B730E710 t=1179.5 media=1173.0 date=2026-10-09T20:55:54.837Z rate=1.00 status=playing
2026-10-09 16:56:01 [align] probe gen=B730E710 t=1180.5 media=1174.0 date=2026-10-09T20:55:55.837Z rate=1.00 status=playing
2026-10-09 16:56:02 [align] probe gen=B730E710 t=1181.5 media=1175.0 date=2026-10-09T20:55:56.837Z rate=1.00 status=playing
2026-10-09 16:56:03 [align] probe gen=B730E710 t=1182.5 media=1176.0 date=2026-10-09T20:55:57.836Z rate=1.00 status=playing
2026-10-09 16:56:04 [align] probe gen=B730E710 t=1183.5 media=1177.0 date=2026-10-09T20:55:58.836Z rate=1.00 status=playing
2026-10-09 16:56:05 [align] probe gen=B730E710 t=1184.5 media=1178.0 date=2026-10-09T20:55:59.836Z rate=1.00 status=playing
2026-10-09 16:56:06 [align] probe gen=B730E710 t=1185.5 media=1179.0 date=2026-10-09T20:56:00.836Z rate=1.00 status=playing
2026-10-09 16:56:07 [align] probe gen=B730E710 t=1186.5 media=1180.0 date=2026-10-09T20:56:01.836Z rate=1.00 status=playing
2026-10-09 16:56:08 [align] probe gen=B730E710 t=1187.5 media=1181.0 date=2026-10-09T20:56:02.836Z rate=1.00 status=playing
2026-10-09 16:56:09 [align] probe gen=B730E710 t=1188.5 media=1182.0 date=2026-10-09T20:56:03.836Z rate=1.00 status=playing
2026-10-09 16:56:10 [align] probe gen=B730E710 t=1189.5 media=1183.0 date=2026-10-09T20:56:04.836Z rate=1.00 status=playing
2026-10-09 16:56:11 [align] probe gen=B730E710 t=1190.5 media=1184.0 date=2026-10-09T20:56:05.836Z rate=1.00 status=playing
2026-10-09 16:56:12 [align] probe gen=B730E710 t=1191.5 media=1185.0 date=2026-10-09T20:56:06.836Z rate=1.00 status=playing
2026-10-09 16:56:13 [align] probe gen=B730E710 t=1192.5 media=1186.0 date=2026-10-09T20:56:07.836Z rate=1.00 status=playing
2026-10-09 16:56:14 [align] probe gen=B730E710 t=1193.5 media=1187.0 date=2026-10-09T20:56:08.836Z rate=1.00 status=playing
2026-10-09 16:56:15 [align] probe gen=B730E710 t=1194.5 media=1188.0 date=2026-10-09T20:56:09.836Z rate=1.00 status=playing
2026-10-09 16:56:16 [align] probe gen=B730E710 t=1195.5 media=1189.0 date=2026-10-09T20:56:10.836Z rate=1.00 status=playing
2026-10-09 16:56:17 [align] probe gen=B730E710 t=1196.5 media=1190.0 date=2026-10-09T20:56:11.835Z rate=1.00 status=playing
2026-10-09 16:56:18 [align] probe gen=B730E710 t=1197.5 media=1191.0 date=2026-10-09T20:56:12.835Z rate=1.00 status=playing
2026-10-09 16:56:19 [align] probe gen=B730E710 t=1198.5 media=1192.0 date=2026-10-09T20:56:13.835Z rate=1.00 status=playing
2026-10-09 16:56:20 [align] probe gen=B730E710 t=1199.5 media=1193.0 date=2026-10-09T20:56:14.835Z rate=1.00 status=playing
2026-10-09 16:56:21 [align] probe gen=B730E710 t=1200.5 media=1194.0 date=2026-10-09T20:56:15.834Z rate=1.00 status=playing
2026-10-09 16:56:21 [align] summary samples=1198 polls=40 pollFailures=0 firstClock=6.4 sampleGapMax=1.1 pollGapMax=30.4 tailSampleGap=0.0 tailPollGap=26.0 rate=1.00-1.00
2026-10-09 16:56:21 [align] summary clockInvalid=none
2026-10-09 16:56:21 [align] summary window start=0 media=293.0 elapsed=293.1 ratio=1.000
2026-10-09 16:56:21 [align] summary window start=300 media=299.0 elapsed=299.0 ratio=1.000
2026-10-09 16:56:21 [align] summary window start=600 media=299.0 elapsed=299.0 ratio=1.000
2026-10-09 16:56:21 [align] summary window start=900 media=299.0 elapsed=299.0 ratio=1.000
2026-10-09 16:56:21 [align] verdict passed=false failures=1 kind=checkpoint
2026-10-09 16:56:21 [align] verdict - poll attempts 40 below 58
2026-10-09 16:56:22 [align] probe gen=B730E710 t=1201.5 media=1195.0 date=2026-10-09T20:56:16.834Z rate=1.00 status=playing
2026-10-09 16:56:23 [align] probe gen=B730E710 t=1202.5 media=1196.0 date=2026-10-09T20:56:17.834Z rate=1.00 status=playing
2026-10-09 16:56:24 [align] probe gen=B730E710 t=1203.5 media=1197.0 date=2026-10-09T20:56:18.834Z rate=1.00 status=playing
2026-10-09 16:56:25 [align] probe gen=B730E710 t=1204.5 media=1198.0 date=2026-10-09T20:56:19.834Z rate=1.00 status=playing
2026-10-09 16:56:25 [align] poll n=41 t=1204.6 ok entries=10 age=30.0
2026-10-09 16:56:26 [align] probe gen=B730E710 t=1205.5 media=1199.0 date=2026-10-09T20:56:20.834Z rate=1.00 status=playing
2026-10-09 16:56:27 [align] probe gen=B730E710 t=1206.5 media=1200.0 date=2026-10-09T20:56:21.834Z rate=1.00 status=playing
2026-10-09 16:56:28 [align] probe gen=B730E710 t=1207.5 media=1201.0 date=2026-10-09T20:56:22.833Z rate=1.00 status=playing
2026-10-09 16:56:29 [align] probe gen=B730E710 t=1208.5 media=1202.0 date=2026-10-09T20:56:23.833Z rate=1.00 status=playing
2026-10-09 16:56:30 [align] probe gen=B730E710 t=1209.5 media=1203.0 date=2026-10-09T20:56:24.833Z rate=1.00 status=playing
2026-10-09 16:56:31 [align] probe gen=B730E710 t=1210.5 media=1204.0 date=2026-10-09T20:56:25.833Z rate=1.00 status=playing
2026-10-09 16:56:32 [align] probe gen=B730E710 t=1211.5 media=1205.0 date=2026-10-09T20:56:26.833Z rate=1.00 status=playing
2026-10-09 16:56:33 [align] probe gen=B730E710 t=1212.5 media=1206.0 date=2026-10-09T20:56:27.832Z rate=1.00 status=playing
2026-10-09 16:56:34 [align] probe gen=B730E710 t=1213.5 media=1207.0 date=2026-10-09T20:56:28.832Z rate=1.00 status=playing
2026-10-09 16:56:35 [align] probe gen=B730E710 t=1214.5 media=1208.0 date=2026-10-09T20:56:29.832Z rate=1.00 status=playing
2026-10-09 16:56:36 [align] probe gen=B730E710 t=1215.5 media=1209.0 date=2026-10-09T20:56:30.832Z rate=1.00 status=playing
2026-10-09 16:56:37 [align] probe gen=B730E710 t=1216.5 media=1210.0 date=2026-10-09T20:56:31.832Z rate=1.00 status=playing
2026-10-09 16:56:38 [align] probe gen=B730E710 t=1217.5 media=1211.0 date=2026-10-09T20:56:32.832Z rate=1.00 status=playing
2026-10-09 16:56:39 [align] probe gen=B730E710 t=1218.5 media=1212.0 date=2026-10-09T20:56:33.831Z rate=1.00 status=playing
2026-10-09 16:56:40 [align] probe gen=B730E710 t=1219.5 media=1213.0 date=2026-10-09T20:56:34.831Z rate=1.00 status=playing
2026-10-09 16:56:41 [align] probe gen=B730E710 t=1220.5 media=1214.0 date=2026-10-09T20:56:35.831Z rate=1.00 status=playing
2026-10-09 16:56:42 [align] probe gen=B730E710 t=1221.5 media=1215.0 date=2026-10-09T20:56:36.831Z rate=1.00 status=playing
2026-10-09 16:56:43 [align] probe gen=B730E710 t=1222.5 media=1216.0 date=2026-10-09T20:56:37.831Z rate=1.00 status=playing
2026-10-09 16:56:44 [align] probe gen=B730E710 t=1223.5 media=1217.0 date=2026-10-09T20:56:38.831Z rate=1.00 status=playing
2026-10-09 16:56:45 [align] probe gen=B730E710 t=1224.5 media=1218.0 date=2026-10-09T20:56:39.831Z rate=1.00 status=playing
2026-10-09 16:56:46 [align] probe gen=B730E710 t=1225.5 media=1219.0 date=2026-10-09T20:56:40.830Z rate=1.00 status=playing
2026-10-09 16:56:47 [align] probe gen=B730E710 t=1226.5 media=1220.0 date=2026-10-09T20:56:41.830Z rate=1.00 status=playing
2026-10-09 16:56:48 [align] probe gen=B730E710 t=1227.5 media=1221.0 date=2026-10-09T20:56:42.830Z rate=1.00 status=playing
2026-10-09 16:56:49 [align] probe gen=B730E710 t=1228.5 media=1222.0 date=2026-10-09T20:56:43.831Z rate=1.00 status=playing
2026-10-09 16:56:50 [align] probe gen=B730E710 t=1229.5 media=1223.0 date=2026-10-09T20:56:44.830Z rate=1.00 status=playing
2026-10-09 16:56:51 [align] probe gen=B730E710 t=1230.5 media=1224.0 date=2026-10-09T20:56:45.830Z rate=1.00 status=playing
2026-10-09 16:56:52 [align] probe gen=B730E710 t=1231.5 media=1225.0 date=2026-10-09T20:56:46.830Z rate=1.00 status=playing
2026-10-09 16:56:53 [align] probe gen=B730E710 t=1232.5 media=1226.0 date=2026-10-09T20:56:47.830Z rate=1.00 status=playing
2026-10-09 16:56:54 [align] probe gen=B730E710 t=1233.5 media=1227.0 date=2026-10-09T20:56:48.830Z rate=1.00 status=playing
2026-10-09 16:56:55 [align] probe gen=B730E710 t=1234.5 media=1228.0 date=2026-10-09T20:56:49.830Z rate=1.00 status=playing
2026-10-09 16:56:55 [align] poll n=42 t=1234.6 ok entries=10 age=nil
2026-10-09 16:56:56 [align] probe gen=B730E710 t=1235.5 media=1229.0 date=2026-10-09T20:56:50.830Z rate=1.00 status=playing
2026-10-09 16:56:57 [align] probe gen=B730E710 t=1236.5 media=1230.0 date=2026-10-09T20:56:51.830Z rate=1.00 status=playing
2026-10-09 16:56:58 [align] probe gen=B730E710 t=1237.5 media=1231.0 date=2026-10-09T20:56:52.829Z rate=1.00 status=playing
2026-10-09 16:56:59 [align] probe gen=B730E710 t=1238.5 media=1232.0 date=2026-10-09T20:56:53.829Z rate=1.00 status=playing
2026-10-09 16:57:00 [align] probe gen=B730E710 t=1239.5 media=1233.0 date=2026-10-09T20:56:54.829Z rate=1.00 status=playing
2026-10-09 16:57:01 [align] probe gen=B730E710 t=1240.5 media=1234.0 date=2026-10-09T20:56:55.829Z rate=1.00 status=playing
2026-10-09 16:57:02 [align] probe gen=B730E710 t=1241.5 media=1235.0 date=2026-10-09T20:56:56.829Z rate=1.00 status=playing
2026-10-09 16:57:03 [align] probe gen=B730E710 t=1242.5 media=1236.0 date=2026-10-09T20:56:57.828Z rate=1.00 status=playing
2026-10-09 16:57:04 [align] probe gen=B730E710 t=1243.5 media=1237.0 date=2026-10-09T20:56:58.828Z rate=1.00 status=playing
2026-10-09 16:57:05 [align] probe gen=B730E710 t=1244.5 media=1238.0 date=2026-10-09T20:56:59.828Z rate=1.00 status=playing
2026-10-09 16:57:06 [align] probe gen=B730E710 t=1245.5 media=1239.0 date=2026-10-09T20:57:00.828Z rate=1.00 status=playing
2026-10-09 16:57:07 [align] probe gen=B730E710 t=1246.5 media=1240.0 date=2026-10-09T20:57:01.828Z rate=1.00 status=playing
2026-10-09 16:57:08 [align] probe gen=B730E710 t=1247.5 media=1241.0 date=2026-10-09T20:57:02.828Z rate=1.00 status=playing
2026-10-09 16:57:09 [align] probe gen=B730E710 t=1248.5 media=1242.0 date=2026-10-09T20:57:03.827Z rate=1.00 status=playing
2026-10-09 16:57:10 [align] probe gen=B730E710 t=1249.5 media=1243.0 date=2026-10-09T20:57:04.827Z rate=1.00 status=playing
2026-10-09 16:57:11 [align] probe gen=B730E710 t=1250.5 media=1244.0 date=2026-10-09T20:57:05.827Z rate=1.00 status=playing
2026-10-09 16:57:12 [align] probe gen=B730E710 t=1251.5 media=1245.0 date=2026-10-09T20:57:06.827Z rate=1.00 status=playing
2026-10-09 16:57:13 [align] probe gen=B730E710 t=1252.5 media=1246.0 date=2026-10-09T20:57:07.827Z rate=1.00 status=playing
2026-10-09 16:57:14 [align] probe gen=B730E710 t=1253.5 media=1247.0 date=2026-10-09T20:57:08.827Z rate=1.00 status=playing
2026-10-09 16:57:15 [align] probe gen=B730E710 t=1254.5 media=1248.0 date=2026-10-09T20:57:09.827Z rate=1.00 status=playing
2026-10-09 16:57:16 [align] probe gen=B730E710 t=1255.5 media=1249.0 date=2026-10-09T20:57:10.826Z rate=1.00 status=playing
2026-10-09 16:57:17 [align] probe gen=B730E710 t=1256.5 media=1250.0 date=2026-10-09T20:57:11.826Z rate=1.00 status=playing
2026-10-09 16:57:18 [align] probe gen=B730E710 t=1257.5 media=1251.0 date=2026-10-09T20:57:12.826Z rate=1.00 status=playing
2026-10-09 16:57:19 [align] probe gen=B730E710 t=1258.5 media=1252.0 date=2026-10-09T20:57:13.826Z rate=1.00 status=playing
2026-10-09 16:57:20 [align] probe gen=B730E710 t=1259.5 media=1253.0 date=2026-10-09T20:57:14.826Z rate=1.00 status=playing
2026-10-09 16:57:21 [align] probe gen=B730E710 t=1260.5 media=1254.0 date=2026-10-09T20:57:15.826Z rate=1.00 status=playing
2026-10-09 16:57:22 [align] probe gen=B730E710 t=1261.5 media=1255.0 date=2026-10-09T20:57:16.826Z rate=1.00 status=playing
2026-10-09 16:57:23 [align] probe gen=B730E710 t=1262.5 media=1256.0 date=2026-10-09T20:57:17.826Z rate=1.00 status=playing
2026-10-09 16:57:24 [align] probe gen=B730E710 t=1263.5 media=1257.0 date=2026-10-09T20:57:18.826Z rate=1.00 status=playing
2026-10-09 16:57:25 [align] probe gen=B730E710 t=1264.5 media=1258.0 date=2026-10-09T20:57:19.826Z rate=1.00 status=playing
2026-10-09 16:57:25 [align] poll n=43 t=1264.7 ok entries=10 age=30.0
2026-10-09 16:57:26 [align] probe gen=B730E710 t=1265.5 media=1259.0 date=2026-10-09T20:57:20.826Z rate=1.00 status=playing
2026-10-09 16:57:27 [align] probe gen=B730E710 t=1266.5 media=1260.0 date=2026-10-09T20:57:21.826Z rate=1.00 status=playing
2026-10-09 16:57:28 [align] probe gen=B730E710 t=1267.5 media=1261.0 date=2026-10-09T20:57:22.825Z rate=1.00 status=playing
2026-10-09 16:57:29 [align] probe gen=B730E710 t=1268.5 media=1262.0 date=2026-10-09T20:57:23.825Z rate=1.00 status=playing
2026-10-09 16:57:30 [align] probe gen=B730E710 t=1269.5 media=1263.0 date=2026-10-09T20:57:24.825Z rate=1.00 status=playing
2026-10-09 16:57:31 [align] probe gen=B730E710 t=1270.5 media=1264.0 date=2026-10-09T20:57:25.825Z rate=1.00 status=playing
2026-10-09 16:57:32 [align] probe gen=B730E710 t=1271.5 media=1265.0 date=2026-10-09T20:57:26.825Z rate=1.00 status=playing
2026-10-09 16:57:33 [align] probe gen=B730E710 t=1272.5 media=1266.0 date=2026-10-09T20:57:27.824Z rate=1.00 status=playing
2026-10-09 16:57:34 [align] probe gen=B730E710 t=1273.5 media=1267.0 date=2026-10-09T20:57:28.824Z rate=1.00 status=playing
2026-10-09 16:57:35 [align] probe gen=B730E710 t=1274.5 media=1268.0 date=2026-10-09T20:57:29.824Z rate=1.00 status=playing
2026-10-09 16:57:36 [align] probe gen=B730E710 t=1275.5 media=1269.0 date=2026-10-09T20:57:30.824Z rate=1.00 status=playing
2026-10-09 16:57:37 [align] probe gen=B730E710 t=1276.5 media=1270.0 date=2026-10-09T20:57:31.824Z rate=1.00 status=playing
2026-10-09 16:57:38 [align] probe gen=B730E710 t=1277.5 media=1271.0 date=2026-10-09T20:57:32.824Z rate=1.00 status=playing
2026-10-09 16:57:39 [align] probe gen=B730E710 t=1278.5 media=1272.0 date=2026-10-09T20:57:33.823Z rate=1.00 status=playing
2026-10-09 16:57:40 [align] probe gen=B730E710 t=1279.5 media=1273.0 date=2026-10-09T20:57:34.823Z rate=1.00 status=playing
2026-10-09 16:57:41 [align] probe gen=B730E710 t=1280.5 media=1274.0 date=2026-10-09T20:57:35.823Z rate=1.00 status=playing
2026-10-09 16:57:42 [align] probe gen=B730E710 t=1281.5 media=1275.0 date=2026-10-09T20:57:36.823Z rate=1.00 status=playing
2026-10-09 16:57:43 [align] probe gen=B730E710 t=1282.5 media=1276.0 date=2026-10-09T20:57:37.823Z rate=1.00 status=playing
2026-10-09 16:57:44 [align] probe gen=B730E710 t=1283.5 media=1277.0 date=2026-10-09T20:57:38.823Z rate=1.00 status=playing
2026-10-09 16:57:45 [align] probe gen=B730E710 t=1284.5 media=1278.0 date=2026-10-09T20:57:39.823Z rate=1.00 status=playing
2026-10-09 16:57:46 [align] probe gen=B730E710 t=1285.5 media=1279.0 date=2026-10-09T20:57:40.822Z rate=1.00 status=playing
2026-10-09 16:57:47 [align] probe gen=B730E710 t=1286.5 media=1280.0 date=2026-10-09T20:57:41.822Z rate=1.00 status=playing
2026-10-09 16:57:48 [align] probe gen=B730E710 t=1287.5 media=1281.0 date=2026-10-09T20:57:42.822Z rate=1.00 status=playing
2026-10-09 16:57:49 [align] probe gen=B730E710 t=1288.5 media=1282.0 date=2026-10-09T20:57:43.822Z rate=1.00 status=playing
2026-10-09 16:57:50 [align] probe gen=B730E710 t=1289.5 media=1283.0 date=2026-10-09T20:57:44.822Z rate=1.00 status=playing
2026-10-09 16:57:51 [align] probe gen=B730E710 t=1290.5 media=1284.0 date=2026-10-09T20:57:45.821Z rate=1.00 status=playing
2026-10-09 16:57:52 [align] probe gen=B730E710 t=1291.5 media=1285.0 date=2026-10-09T20:57:46.821Z rate=1.00 status=playing
2026-10-09 16:57:53 [align] probe gen=B730E710 t=1292.5 media=1286.0 date=2026-10-09T20:57:47.821Z rate=1.00 status=playing
2026-10-09 16:57:54 [align] probe gen=B730E710 t=1293.5 media=1287.0 date=2026-10-09T20:57:48.821Z rate=1.00 status=playing
2026-10-09 16:57:55 [align] probe gen=B730E710 t=1294.5 media=1288.0 date=2026-10-09T20:57:49.821Z rate=1.00 status=playing
2026-10-09 16:57:56 [align] poll n=44 t=1295.1 ok entries=10 age=nil
2026-10-09 16:57:56 [align] probe gen=B730E710 t=1295.5 media=1289.0 date=2026-10-09T20:57:50.821Z rate=1.00 status=playing
2026-10-09 16:57:57 [align] probe gen=B730E710 t=1296.5 media=1290.0 date=2026-10-09T20:57:51.821Z rate=1.00 status=playing
2026-10-09 16:57:58 [align] probe gen=B730E710 t=1297.5 media=1291.0 date=2026-10-09T20:57:52.820Z rate=1.00 status=playing
2026-10-09 16:57:59 [align] probe gen=B730E710 t=1298.5 media=1292.0 date=2026-10-09T20:57:53.820Z rate=1.00 status=playing
2026-10-09 16:58:00 [align] probe gen=B730E710 t=1299.5 media=1293.0 date=2026-10-09T20:57:54.820Z rate=1.00 status=playing
2026-10-09 16:58:01 [align] probe gen=B730E710 t=1300.5 media=1294.0 date=2026-10-09T20:57:55.820Z rate=1.00 status=playing
2026-10-09 16:58:02 [align] probe gen=B730E710 t=1301.5 media=1295.0 date=2026-10-09T20:57:56.820Z rate=1.00 status=playing
2026-10-09 16:58:03 [align] probe gen=B730E710 t=1302.5 media=1296.0 date=2026-10-09T20:57:57.820Z rate=1.00 status=playing
2026-10-09 16:58:04 [align] probe gen=B730E710 t=1303.5 media=1297.0 date=2026-10-09T20:57:58.820Z rate=1.00 status=playing
2026-10-09 16:58:05 [align] probe gen=B730E710 t=1304.5 media=1298.0 date=2026-10-09T20:57:59.820Z rate=1.00 status=playing
2026-10-09 16:58:06 [align] probe gen=B730E710 t=1305.5 media=1299.0 date=2026-10-09T20:58:00.820Z rate=1.00 status=playing
2026-10-09 16:58:07 [align] probe gen=B730E710 t=1306.5 media=1300.0 date=2026-10-09T20:58:01.820Z rate=1.00 status=playing
2026-10-09 16:58:08 [align] probe gen=B730E710 t=1307.5 media=1301.0 date=2026-10-09T20:58:02.820Z rate=1.00 status=playing
2026-10-09 16:58:09 [align] probe gen=B730E710 t=1308.5 media=1302.0 date=2026-10-09T20:58:03.819Z rate=1.00 status=playing
2026-10-09 16:58:10 [align] probe gen=B730E710 t=1309.5 media=1303.0 date=2026-10-09T20:58:04.819Z rate=1.00 status=playing
2026-10-09 16:58:11 [align] probe gen=B730E710 t=1310.5 media=1304.0 date=2026-10-09T20:58:05.819Z rate=1.00 status=playing
2026-10-09 16:58:12 [align] probe gen=B730E710 t=1311.5 media=1305.0 date=2026-10-09T20:58:06.819Z rate=1.00 status=playing
2026-10-09 16:58:13 [align] probe gen=B730E710 t=1312.5 media=1306.0 date=2026-10-09T20:58:07.819Z rate=1.00 status=playing
2026-10-09 16:58:14 [align] probe gen=B730E710 t=1313.5 media=1307.0 date=2026-10-09T20:58:08.819Z rate=1.00 status=playing
2026-10-09 16:58:15 [align] probe gen=B730E710 t=1314.5 media=1308.0 date=2026-10-09T20:58:09.819Z rate=1.00 status=playing
2026-10-09 16:58:16 [align] probe gen=B730E710 t=1315.5 media=1309.0 date=2026-10-09T20:58:10.818Z rate=1.00 status=playing
2026-10-09 16:58:17 [align] probe gen=B730E710 t=1316.5 media=1310.0 date=2026-10-09T20:58:11.818Z rate=1.00 status=playing
2026-10-09 16:58:18 [align] probe gen=B730E710 t=1317.5 media=1311.0 date=2026-10-09T20:58:12.818Z rate=1.00 status=playing
2026-10-09 16:58:19 [align] probe gen=B730E710 t=1318.5 media=1312.0 date=2026-10-09T20:58:13.818Z rate=1.00 status=playing
2026-10-09 16:58:20 [align] probe gen=B730E710 t=1319.5 media=1313.0 date=2026-10-09T20:58:14.818Z rate=1.00 status=playing
2026-10-09 16:58:21 [align] probe gen=B730E710 t=1320.5 media=1314.0 date=2026-10-09T20:58:15.817Z rate=1.00 status=playing
2026-10-09 16:58:22 [align] probe gen=B730E710 t=1321.5 media=1315.0 date=2026-10-09T20:58:16.817Z rate=1.00 status=playing
2026-10-09 16:58:23 [align] probe gen=B730E710 t=1322.5 media=1316.0 date=2026-10-09T20:58:17.817Z rate=1.00 status=playing
2026-10-09 16:58:24 [align] probe gen=B730E710 t=1323.5 media=1317.0 date=2026-10-09T20:58:18.817Z rate=1.00 status=playing
2026-10-09 16:58:25 [align] probe gen=B730E710 t=1324.5 media=1318.0 date=2026-10-09T20:58:19.817Z rate=1.00 status=playing
2026-10-09 16:58:26 [align] poll n=45 t=1325.1 ok entries=10 age=30.0
2026-10-09 16:58:26 [align] probe gen=B730E710 t=1325.5 media=1319.0 date=2026-10-09T20:58:20.817Z rate=1.00 status=playing
2026-10-09 16:58:27 [align] probe gen=B730E710 t=1326.5 media=1320.0 date=2026-10-09T20:58:21.817Z rate=1.00 status=playing
2026-10-09 16:58:28 [align] probe gen=B730E710 t=1327.5 media=1321.0 date=2026-10-09T20:58:22.816Z rate=1.00 status=playing
2026-10-09 16:58:29 [align] probe gen=B730E710 t=1328.5 media=1322.0 date=2026-10-09T20:58:23.816Z rate=1.00 status=playing
2026-10-09 16:58:30 [align] probe gen=B730E710 t=1329.5 media=1323.0 date=2026-10-09T20:58:24.816Z rate=1.00 status=playing
2026-10-09 16:58:31 [align] probe gen=B730E710 t=1330.5 media=1324.0 date=2026-10-09T20:58:25.816Z rate=1.00 status=playing
2026-10-09 16:58:32 [align] probe gen=B730E710 t=1331.5 media=1325.0 date=2026-10-09T20:58:26.816Z rate=1.00 status=playing
2026-10-09 16:58:33 [align] probe gen=B730E710 t=1332.5 media=1326.0 date=2026-10-09T20:58:27.815Z rate=1.00 status=playing
2026-10-09 16:58:34 [align] probe gen=B730E710 t=1333.5 media=1327.0 date=2026-10-09T20:58:28.815Z rate=1.00 status=playing
2026-10-09 16:58:35 [align] probe gen=B730E710 t=1334.5 media=1328.0 date=2026-10-09T20:58:29.816Z rate=1.00 status=playing
2026-10-09 16:58:36 [align] probe gen=B730E710 t=1335.5 media=1329.0 date=2026-10-09T20:58:30.816Z rate=1.00 status=playing
2026-10-09 16:58:37 [align] probe gen=B730E710 t=1336.5 media=1330.0 date=2026-10-09T20:58:31.815Z rate=1.00 status=playing
2026-10-09 16:58:38 [align] probe gen=B730E710 t=1337.5 media=1331.0 date=2026-10-09T20:58:32.815Z rate=1.00 status=playing
2026-10-09 16:58:39 [align] probe gen=B730E710 t=1338.5 media=1332.0 date=2026-10-09T20:58:33.815Z rate=1.00 status=playing
2026-10-09 16:58:40 [align] probe gen=B730E710 t=1339.5 media=1333.0 date=2026-10-09T20:58:34.815Z rate=1.00 status=playing
2026-10-09 16:58:41 [align] probe gen=B730E710 t=1340.5 media=1334.0 date=2026-10-09T20:58:35.815Z rate=1.00 status=playing
2026-10-09 16:58:42 [align] probe gen=B730E710 t=1341.5 media=1335.0 date=2026-10-09T20:58:36.815Z rate=1.00 status=playing
2026-10-09 16:58:43 [align] probe gen=B730E710 t=1342.5 media=1336.0 date=2026-10-09T20:58:37.815Z rate=1.00 status=playing
2026-10-09 16:58:44 [align] probe gen=B730E710 t=1343.5 media=1337.0 date=2026-10-09T20:58:38.815Z rate=1.00 status=playing
2026-10-09 16:58:45 [align] probe gen=B730E710 t=1344.5 media=1338.0 date=2026-10-09T20:58:39.815Z rate=1.00 status=playing
2026-10-09 16:58:46 [align] probe gen=B730E710 t=1345.5 media=1339.0 date=2026-10-09T20:58:40.814Z rate=1.00 status=playing
2026-10-09 16:58:47 [align] probe gen=B730E710 t=1346.5 media=1340.0 date=2026-10-09T20:58:41.814Z rate=1.00 status=playing
2026-10-09 16:58:48 [align] probe gen=B730E710 t=1347.5 media=1341.0 date=2026-10-09T20:58:42.814Z rate=1.00 status=playing
2026-10-09 16:58:49 [align] probe gen=B730E710 t=1348.5 media=1342.0 date=2026-10-09T20:58:43.814Z rate=1.00 status=playing
2026-10-09 16:58:50 [align] probe gen=B730E710 t=1349.5 media=1343.0 date=2026-10-09T20:58:44.814Z rate=1.00 status=playing
2026-10-09 16:58:50 [align] decision t=1349.5 candidate="Chaotica — Bambi Molesters" songSec=0.0 reason=estimated +160s; not verified audible
2026-10-09 16:58:51 [align] probe gen=B730E710 t=1350.5 media=1344.0 date=2026-10-09T20:58:45.813Z rate=1.00 status=playing
2026-10-09 16:58:52 [align] probe gen=B730E710 t=1351.5 media=1345.0 date=2026-10-09T20:58:46.813Z rate=1.00 status=playing
2026-10-09 16:58:53 [align] probe gen=B730E710 t=1352.5 media=1346.0 date=2026-10-09T20:58:47.813Z rate=1.00 status=playing
2026-10-09 16:58:54 [align] probe gen=B730E710 t=1353.5 media=1347.0 date=2026-10-09T20:58:48.813Z rate=1.00 status=playing
2026-10-09 16:58:55 [align] probe gen=B730E710 t=1354.5 media=1348.0 date=2026-10-09T20:58:49.813Z rate=1.00 status=playing
2026-10-09 16:58:56 [align] poll n=46 t=1355.3 ok entries=10 age=nil
2026-10-09 16:58:56 [align] probe gen=B730E710 t=1355.5 media=1349.0 date=2026-10-09T20:58:50.813Z rate=1.00 status=playing
2026-10-09 16:58:57 [align] probe gen=B730E710 t=1356.5 media=1350.0 date=2026-10-09T20:58:51.813Z rate=1.00 status=playing
2026-10-09 16:58:58 [align] probe gen=B730E710 t=1357.5 media=1351.0 date=2026-10-09T20:58:52.812Z rate=1.00 status=playing
2026-10-09 16:58:59 [align] probe gen=B730E710 t=1358.5 media=1352.0 date=2026-10-09T20:58:53.812Z rate=1.00 status=playing
2026-10-09 16:59:00 [align] probe gen=B730E710 t=1359.5 media=1353.0 date=2026-10-09T20:58:54.812Z rate=1.00 status=playing
2026-10-09 16:59:01 [align] probe gen=B730E710 t=1360.5 media=1354.0 date=2026-10-09T20:58:55.812Z rate=1.00 status=playing
2026-10-09 16:59:02 [align] probe gen=B730E710 t=1361.5 media=1355.0 date=2026-10-09T20:58:56.812Z rate=1.00 status=playing
2026-10-09 16:59:03 [align] probe gen=B730E710 t=1362.5 media=1356.0 date=2026-10-09T20:58:57.811Z rate=1.00 status=playing
2026-10-09 16:59:04 [align] probe gen=B730E710 t=1363.5 media=1357.0 date=2026-10-09T20:58:58.811Z rate=1.00 status=playing
2026-10-09 16:59:05 [align] probe gen=B730E710 t=1364.5 media=1358.0 date=2026-10-09T20:58:59.811Z rate=1.00 status=playing
2026-10-09 16:59:06 [align] probe gen=B730E710 t=1365.5 media=1359.0 date=2026-10-09T20:59:00.811Z rate=1.00 status=playing
2026-10-09 16:59:07 [align] probe gen=B730E710 t=1366.5 media=1360.0 date=2026-10-09T20:59:01.811Z rate=1.00 status=playing
2026-10-09 16:59:08 [align] probe gen=B730E710 t=1367.5 media=1361.0 date=2026-10-09T20:59:02.811Z rate=1.00 status=playing
2026-10-09 16:59:09 [align] probe gen=B730E710 t=1368.5 media=1362.0 date=2026-10-09T20:59:03.810Z rate=1.00 status=playing
2026-10-09 16:59:10 [align] probe gen=B730E710 t=1369.5 media=1363.0 date=2026-10-09T20:59:04.811Z rate=1.00 status=playing
2026-10-09 16:59:11 [align] probe gen=B730E710 t=1370.5 media=1364.0 date=2026-10-09T20:59:05.811Z rate=1.00 status=playing
2026-10-09 16:59:12 [align] probe gen=B730E710 t=1371.5 media=1365.0 date=2026-10-09T20:59:06.811Z rate=1.00 status=playing
2026-10-09 16:59:13 [align] probe gen=B730E710 t=1372.5 media=1366.0 date=2026-10-09T20:59:07.810Z rate=1.00 status=playing
2026-10-09 16:59:14 [align] probe gen=B730E710 t=1373.5 media=1367.0 date=2026-10-09T20:59:08.811Z rate=1.00 status=playing
2026-10-09 16:59:15 [align] probe gen=B730E710 t=1374.5 media=1368.0 date=2026-10-09T20:59:09.811Z rate=1.00 status=playing
2026-10-09 16:59:16 [align] probe gen=B730E710 t=1375.5 media=1369.0 date=2026-10-09T20:59:10.810Z rate=1.00 status=playing
2026-10-09 16:59:17 [align] probe gen=B730E710 t=1376.5 media=1370.0 date=2026-10-09T20:59:11.810Z rate=1.00 status=playing
2026-10-09 16:59:18 [align] probe gen=B730E710 t=1377.5 media=1371.0 date=2026-10-09T20:59:12.810Z rate=1.00 status=playing
2026-10-09 16:59:19 [align] probe gen=B730E710 t=1378.5 media=1372.0 date=2026-10-09T20:59:13.810Z rate=1.00 status=playing
2026-10-09 16:59:20 [align] probe gen=B730E710 t=1379.5 media=1373.0 date=2026-10-09T20:59:14.810Z rate=1.00 status=playing
2026-10-09 16:59:21 [align] probe gen=B730E710 t=1380.5 media=1374.0 date=2026-10-09T20:59:15.809Z rate=1.00 status=playing
2026-10-09 16:59:22 [align] probe gen=B730E710 t=1381.5 media=1375.0 date=2026-10-09T20:59:16.809Z rate=1.00 status=playing
2026-10-09 16:59:23 [align] probe gen=B730E710 t=1382.5 media=1376.0 date=2026-10-09T20:59:17.809Z rate=1.00 status=playing
2026-10-09 16:59:24 [align] probe gen=B730E710 t=1383.5 media=1377.0 date=2026-10-09T20:59:18.809Z rate=1.00 status=playing
2026-10-09 16:59:25 [align] probe gen=B730E710 t=1384.5 media=1378.0 date=2026-10-09T20:59:19.809Z rate=1.00 status=playing
2026-10-09 16:59:26 [align] poll n=47 t=1385.3 ok entries=10 age=30.0
2026-10-09 16:59:26 [align] probe gen=B730E710 t=1385.5 media=1379.0 date=2026-10-09T20:59:20.809Z rate=1.00 status=playing
2026-10-09 16:59:27 [align] probe gen=B730E710 t=1386.5 media=1380.0 date=2026-10-09T20:59:21.809Z rate=1.00 status=playing
2026-10-09 16:59:28 [align] probe gen=B730E710 t=1387.5 media=1381.0 date=2026-10-09T20:59:22.808Z rate=1.00 status=playing
2026-10-09 16:59:29 [align] probe gen=B730E710 t=1388.5 media=1382.0 date=2026-10-09T20:59:23.808Z rate=1.00 status=playing
2026-10-09 16:59:30 [align] probe gen=B730E710 t=1389.5 media=1383.0 date=2026-10-09T20:59:24.808Z rate=1.00 status=playing
2026-10-09 16:59:31 [align] probe gen=B730E710 t=1390.5 media=1384.0 date=2026-10-09T20:59:25.808Z rate=1.00 status=playing
2026-10-09 16:59:32 [align] probe gen=B730E710 t=1391.5 media=1385.0 date=2026-10-09T20:59:26.808Z rate=1.00 status=playing
2026-10-09 16:59:33 [align] probe gen=B730E710 t=1392.5 media=1386.0 date=2026-10-09T20:59:27.807Z rate=1.00 status=playing
2026-10-09 16:59:34 [align] probe gen=B730E710 t=1393.5 media=1387.0 date=2026-10-09T20:59:28.807Z rate=1.00 status=playing
2026-10-09 16:59:35 [align] probe gen=B730E710 t=1394.5 media=1388.0 date=2026-10-09T20:59:29.807Z rate=1.00 status=playing
2026-10-09 16:59:36 [align] probe gen=B730E710 t=1395.5 media=1389.0 date=2026-10-09T20:59:30.807Z rate=1.00 status=playing
2026-10-09 16:59:37 [align] probe gen=B730E710 t=1396.5 media=1390.0 date=2026-10-09T20:59:31.807Z rate=1.00 status=playing
2026-10-09 16:59:38 [align] probe gen=B730E710 t=1397.5 media=1391.0 date=2026-10-09T20:59:32.807Z rate=1.00 status=playing
2026-10-09 16:59:39 [align] probe gen=B730E710 t=1398.5 media=1392.0 date=2026-10-09T20:59:33.806Z rate=1.00 status=playing
2026-10-09 16:59:40 [align] probe gen=B730E710 t=1399.5 media=1393.0 date=2026-10-09T20:59:34.806Z rate=1.00 status=playing
2026-10-09 16:59:41 [align] probe gen=B730E710 t=1400.5 media=1394.0 date=2026-10-09T20:59:35.806Z rate=1.00 status=playing
2026-10-09 16:59:42 [align] probe gen=B730E710 t=1401.5 media=1395.0 date=2026-10-09T20:59:36.806Z rate=1.00 status=playing
2026-10-09 16:59:43 [align] probe gen=B730E710 t=1402.5 media=1396.0 date=2026-10-09T20:59:37.806Z rate=1.00 status=playing
2026-10-09 16:59:44 [align] probe gen=B730E710 t=1403.5 media=1397.0 date=2026-10-09T20:59:38.806Z rate=1.00 status=playing
2026-10-09 16:59:45 [align] probe gen=B730E710 t=1404.5 media=1398.0 date=2026-10-09T20:59:39.806Z rate=1.00 status=playing
2026-10-09 16:59:46 [align] probe gen=B730E710 t=1405.5 media=1399.0 date=2026-10-09T20:59:40.805Z rate=1.00 status=playing
2026-10-09 16:59:47 [align] probe gen=B730E710 t=1406.5 media=1400.0 date=2026-10-09T20:59:41.805Z rate=1.00 status=playing
2026-10-09 16:59:48 [align] probe gen=B730E710 t=1407.5 media=1401.0 date=2026-10-09T20:59:42.805Z rate=1.00 status=playing
2026-10-09 16:59:49 [align] probe gen=B730E710 t=1408.5 media=1402.0 date=2026-10-09T20:59:43.805Z rate=1.00 status=playing
2026-10-09 16:59:50 [align] probe gen=B730E710 t=1409.5 media=1403.0 date=2026-10-09T20:59:44.806Z rate=1.00 status=playing
2026-10-09 16:59:51 [align] probe gen=B730E710 t=1410.5 media=1404.0 date=2026-10-09T20:59:45.805Z rate=1.00 status=playing
2026-10-09 16:59:52 [align] probe gen=B730E710 t=1411.5 media=1405.0 date=2026-10-09T20:59:46.805Z rate=1.00 status=playing
2026-10-09 16:59:53 [align] probe gen=B730E710 t=1412.5 media=1406.0 date=2026-10-09T20:59:47.805Z rate=1.00 status=playing
2026-10-09 16:59:54 [align] probe gen=B730E710 t=1413.5 media=1407.0 date=2026-10-09T20:59:48.805Z rate=1.00 status=playing
2026-10-09 16:59:55 [align] probe gen=B730E710 t=1414.5 media=1408.0 date=2026-10-09T20:59:49.805Z rate=1.00 status=playing
2026-10-09 16:59:56 [align] probe gen=B730E710 t=1415.5 media=1409.0 date=2026-10-09T20:59:50.805Z rate=1.00 status=playing
2026-10-09 16:59:56 [align] poll n=48 t=1415.4 ok entries=10 age=nil
2026-10-09 16:59:57 [align] probe gen=B730E710 t=1416.5 media=1410.0 date=2026-10-09T20:59:51.805Z rate=1.00 status=playing
2026-10-09 16:59:58 [align] probe gen=B730E710 t=1417.5 media=1411.0 date=2026-10-09T20:59:52.804Z rate=1.00 status=playing
2026-10-09 16:59:59 [align] probe gen=B730E710 t=1418.5 media=1412.0 date=2026-10-09T20:59:53.804Z rate=1.00 status=playing
2026-10-09 17:00:00 [align] probe gen=B730E710 t=1419.5 media=1413.0 date=2026-10-09T20:59:54.804Z rate=1.00 status=playing
2026-10-09 17:00:01 [align] probe gen=B730E710 t=1420.5 media=1414.0 date=2026-10-09T20:59:55.804Z rate=1.00 status=playing
2026-10-09 17:00:02 [align] probe gen=B730E710 t=1421.5 media=1415.0 date=2026-10-09T20:59:56.804Z rate=1.00 status=playing
2026-10-09 17:00:03 [align] probe gen=B730E710 t=1422.5 media=1416.0 date=2026-10-09T20:59:57.803Z rate=1.00 status=playing
2026-10-09 17:00:04 [align] probe gen=B730E710 t=1423.5 media=1417.0 date=2026-10-09T20:59:58.803Z rate=1.00 status=playing
2026-10-09 17:00:05 [align] probe gen=B730E710 t=1424.5 media=1418.0 date=2026-10-09T20:59:59.803Z rate=1.00 status=playing
2026-10-09 17:00:06 [align] probe gen=B730E710 t=1425.5 media=1419.0 date=2026-10-09T21:00:00.803Z rate=1.00 status=playing
2026-10-09 17:00:07 [align] probe gen=B730E710 t=1426.5 media=1420.0 date=2026-10-09T21:00:01.803Z rate=1.00 status=playing
2026-10-09 17:00:08 [align] probe gen=B730E710 t=1427.5 media=1421.0 date=2026-10-09T21:00:02.803Z rate=1.00 status=playing
2026-10-09 17:00:09 [align] probe gen=B730E710 t=1428.5 media=1422.0 date=2026-10-09T21:00:03.802Z rate=1.00 status=playing
2026-10-09 17:00:10 [align] probe gen=B730E710 t=1429.5 media=1423.0 date=2026-10-09T21:00:04.802Z rate=1.00 status=playing
2026-10-09 17:00:11 [align] probe gen=B730E710 t=1430.5 media=1424.0 date=2026-10-09T21:00:05.802Z rate=1.00 status=playing
2026-10-09 17:00:12 [align] probe gen=B730E710 t=1431.5 media=1425.0 date=2026-10-09T21:00:06.802Z rate=1.00 status=playing
2026-10-09 17:00:13 [align] probe gen=B730E710 t=1432.5 media=1426.0 date=2026-10-09T21:00:07.802Z rate=1.00 status=playing
2026-10-09 17:00:14 [align] probe gen=B730E710 t=1433.5 media=1427.0 date=2026-10-09T21:00:08.802Z rate=1.00 status=playing
2026-10-09 17:00:15 [align] probe gen=B730E710 t=1434.5 media=1428.0 date=2026-10-09T21:00:09.802Z rate=1.00 status=playing
2026-10-09 17:00:16 [align] probe gen=B730E710 t=1435.5 media=1429.0 date=2026-10-09T21:00:10.801Z rate=1.00 status=playing
2026-10-09 17:00:17 [align] probe gen=B730E710 t=1436.5 media=1430.0 date=2026-10-09T21:00:11.801Z rate=1.00 status=playing
2026-10-09 17:00:18 [align] probe gen=B730E710 t=1437.5 media=1431.0 date=2026-10-09T21:00:12.801Z rate=1.00 status=playing
2026-10-09 17:00:19 [align] probe gen=B730E710 t=1438.5 media=1432.0 date=2026-10-09T21:00:13.801Z rate=1.00 status=playing
2026-10-09 17:00:20 [align] probe gen=B730E710 t=1439.5 media=1433.0 date=2026-10-09T21:00:14.801Z rate=1.00 status=playing
2026-10-09 17:00:21 [align] probe gen=B730E710 t=1440.5 media=1434.0 date=2026-10-09T21:00:15.800Z rate=1.00 status=playing
2026-10-09 17:00:22 [align] probe gen=B730E710 t=1441.5 media=1435.0 date=2026-10-09T21:00:16.800Z rate=1.00 status=playing
2026-10-09 17:00:23 [align] probe gen=B730E710 t=1442.5 media=1436.0 date=2026-10-09T21:00:17.800Z rate=1.00 status=playing
2026-10-09 17:00:24 [align] probe gen=B730E710 t=1443.5 media=1437.0 date=2026-10-09T21:00:18.800Z rate=1.00 status=playing
2026-10-09 17:00:25 [align] probe gen=B730E710 t=1444.5 media=1438.0 date=2026-10-09T21:00:19.800Z rate=1.00 status=playing
2026-10-09 17:00:26 [align] poll n=49 t=1445.4 ok entries=10 age=30.0
2026-10-09 17:00:26 [align] probe gen=B730E710 t=1445.5 media=1439.0 date=2026-10-09T21:00:20.800Z rate=1.00 status=playing
2026-10-09 17:00:27 [align] probe gen=B730E710 t=1446.5 media=1440.0 date=2026-10-09T21:00:21.800Z rate=1.00 status=playing
2026-10-09 17:00:28 [align] probe gen=B730E710 t=1447.5 media=1441.0 date=2026-10-09T21:00:22.799Z rate=1.00 status=playing
2026-10-09 17:00:29 [align] probe gen=B730E710 t=1448.5 media=1442.0 date=2026-10-09T21:00:23.799Z rate=1.00 status=playing
2026-10-09 17:00:30 [align] probe gen=B730E710 t=1449.5 media=1443.0 date=2026-10-09T21:00:24.799Z rate=1.00 status=playing
2026-10-09 17:00:31 [align] probe gen=B730E710 t=1450.5 media=1444.0 date=2026-10-09T21:00:25.800Z rate=1.00 status=playing
2026-10-09 17:00:32 [align] probe gen=B730E710 t=1451.5 media=1445.0 date=2026-10-09T21:00:26.800Z rate=1.00 status=playing
2026-10-09 17:00:33 [align] probe gen=B730E710 t=1452.5 media=1446.0 date=2026-10-09T21:00:27.799Z rate=1.00 status=playing
2026-10-09 17:00:34 [align] probe gen=B730E710 t=1453.5 media=1447.0 date=2026-10-09T21:00:28.799Z rate=1.00 status=playing
2026-10-09 17:00:35 [align] probe gen=B730E710 t=1454.5 media=1448.0 date=2026-10-09T21:00:29.799Z rate=1.00 status=playing
2026-10-09 17:00:36 [align] probe gen=B730E710 t=1455.5 media=1449.0 date=2026-10-09T21:00:30.799Z rate=1.00 status=playing
2026-10-09 17:00:37 [align] probe gen=B730E710 t=1456.5 media=1450.0 date=2026-10-09T21:00:31.799Z rate=1.00 status=playing
2026-10-09 17:00:38 [align] probe gen=B730E710 t=1457.5 media=1451.0 date=2026-10-09T21:00:32.799Z rate=1.00 status=playing
2026-10-09 17:00:39 [align] probe gen=B730E710 t=1458.5 media=1452.0 date=2026-10-09T21:00:33.798Z rate=1.00 status=playing
2026-10-09 17:00:40 [align] probe gen=B730E710 t=1459.5 media=1453.0 date=2026-10-09T21:00:34.798Z rate=1.00 status=playing
2026-10-09 17:00:41 [align] probe gen=B730E710 t=1460.5 media=1454.0 date=2026-10-09T21:00:35.798Z rate=1.00 status=playing
2026-10-09 17:00:42 [align] probe gen=B730E710 t=1461.5 media=1455.0 date=2026-10-09T21:00:36.798Z rate=1.00 status=playing
2026-10-09 17:00:43 [align] probe gen=B730E710 t=1462.5 media=1456.0 date=2026-10-09T21:00:37.798Z rate=1.00 status=playing
2026-10-09 17:00:44 [align] probe gen=B730E710 t=1463.5 media=1457.0 date=2026-10-09T21:00:38.798Z rate=1.00 status=playing
2026-10-09 17:00:45 [align] probe gen=B730E710 t=1464.5 media=1458.0 date=2026-10-09T21:00:39.798Z rate=1.00 status=playing
2026-10-09 17:00:46 [align] probe gen=B730E710 t=1465.5 media=1459.0 date=2026-10-09T21:00:40.797Z rate=1.00 status=playing
2026-10-09 17:00:47 [align] probe gen=B730E710 t=1466.5 media=1460.0 date=2026-10-09T21:00:41.797Z rate=1.00 status=playing
2026-10-09 17:00:48 [align] probe gen=B730E710 t=1467.5 media=1461.0 date=2026-10-09T21:00:42.797Z rate=1.00 status=playing
2026-10-09 17:00:49 [align] probe gen=B730E710 t=1468.5 media=1462.0 date=2026-10-09T21:00:43.797Z rate=1.00 status=playing
2026-10-09 17:00:50 [align] probe gen=B730E710 t=1469.5 media=1463.0 date=2026-10-09T21:00:44.797Z rate=1.00 status=playing
2026-10-09 17:00:51 [align] probe gen=B730E710 t=1470.5 media=1464.0 date=2026-10-09T21:00:45.796Z rate=1.00 status=playing
2026-10-09 17:00:52 [align] probe gen=B730E710 t=1471.5 media=1465.0 date=2026-10-09T21:00:46.796Z rate=1.00 status=playing
2026-10-09 17:00:53 [align] probe gen=B730E710 t=1472.5 media=1466.0 date=2026-10-09T21:00:47.796Z rate=1.00 status=playing
2026-10-09 17:00:54 [align] probe gen=B730E710 t=1473.5 media=1467.0 date=2026-10-09T21:00:48.796Z rate=1.00 status=playing
2026-10-09 17:00:55 [align] probe gen=B730E710 t=1474.5 media=1468.0 date=2026-10-09T21:00:49.796Z rate=1.00 status=playing
2026-10-09 17:00:56 [align] probe gen=B730E710 t=1475.5 media=1469.0 date=2026-10-09T21:00:50.796Z rate=1.00 status=playing
2026-10-09 17:00:56 [align] poll n=50 t=1475.5 ok entries=10 age=nil
2026-10-09 17:00:57 [align] probe gen=B730E710 t=1476.5 media=1470.0 date=2026-10-09T21:00:51.796Z rate=1.00 status=playing
2026-10-09 17:00:58 [align] probe gen=B730E710 t=1477.5 media=1471.0 date=2026-10-09T21:00:52.795Z rate=1.00 status=playing
2026-10-09 17:00:59 [align] probe gen=B730E710 t=1478.5 media=1472.0 date=2026-10-09T21:00:53.795Z rate=1.00 status=playing
2026-10-09 17:01:00 [align] probe gen=B730E710 t=1479.5 media=1473.0 date=2026-10-09T21:00:54.795Z rate=1.00 status=playing
2026-10-09 17:01:01 [align] probe gen=B730E710 t=1480.5 media=1474.0 date=2026-10-09T21:00:55.795Z rate=1.00 status=playing
2026-10-09 17:01:02 [align] probe gen=B730E710 t=1481.5 media=1475.0 date=2026-10-09T21:00:56.795Z rate=1.00 status=playing
2026-10-09 17:01:03 [align] probe gen=B730E710 t=1482.5 media=1476.0 date=2026-10-09T21:00:57.795Z rate=1.00 status=playing
2026-10-09 17:01:04 [align] probe gen=B730E710 t=1483.5 media=1477.0 date=2026-10-09T21:00:58.795Z rate=1.00 status=playing
2026-10-09 17:01:05 [align] probe gen=B730E710 t=1484.5 media=1478.0 date=2026-10-09T21:00:59.795Z rate=1.00 status=playing
2026-10-09 17:01:06 [align] probe gen=B730E710 t=1485.5 media=1479.0 date=2026-10-09T21:01:00.795Z rate=1.00 status=playing
2026-10-09 17:01:07 [align] probe gen=B730E710 t=1486.5 media=1480.0 date=2026-10-09T21:01:01.795Z rate=1.00 status=playing
2026-10-09 17:01:08 [align] probe gen=B730E710 t=1487.5 media=1481.0 date=2026-10-09T21:01:02.795Z rate=1.00 status=playing
2026-10-09 17:01:09 [align] probe gen=B730E710 t=1488.5 media=1482.0 date=2026-10-09T21:01:03.794Z rate=1.00 status=playing
2026-10-09 17:01:10 [align] probe gen=B730E710 t=1489.5 media=1483.0 date=2026-10-09T21:01:04.794Z rate=1.00 status=playing
2026-10-09 17:01:11 [align] probe gen=B730E710 t=1490.5 media=1484.0 date=2026-10-09T21:01:05.794Z rate=1.00 status=playing
2026-10-09 17:01:12 [align] probe gen=B730E710 t=1491.5 media=1485.0 date=2026-10-09T21:01:06.794Z rate=1.00 status=playing
2026-10-09 17:01:13 [align] probe gen=B730E710 t=1492.5 media=1486.0 date=2026-10-09T21:01:07.794Z rate=1.00 status=playing
2026-10-09 17:01:14 [align] probe gen=B730E710 t=1493.5 media=1487.0 date=2026-10-09T21:01:08.794Z rate=1.00 status=playing
2026-10-09 17:01:15 [align] probe gen=B730E710 t=1494.5 media=1488.0 date=2026-10-09T21:01:09.794Z rate=1.00 status=playing
2026-10-09 17:01:16 [align] probe gen=B730E710 t=1495.5 media=1489.0 date=2026-10-09T21:01:10.793Z rate=1.00 status=playing
2026-10-09 17:01:17 [align] probe gen=B730E710 t=1496.5 media=1490.0 date=2026-10-09T21:01:11.793Z rate=1.00 status=playing
2026-10-09 17:01:18 [align] probe gen=B730E710 t=1497.5 media=1491.0 date=2026-10-09T21:01:12.793Z rate=1.00 status=playing
2026-10-09 17:01:19 [align] probe gen=B730E710 t=1498.5 media=1492.0 date=2026-10-09T21:01:13.793Z rate=1.00 status=playing
2026-10-09 17:01:20 [align] probe gen=B730E710 t=1499.5 media=1493.0 date=2026-10-09T21:01:14.793Z rate=1.00 status=playing
2026-10-09 17:01:21 [align] probe gen=B730E710 t=1500.5 media=1494.0 date=2026-10-09T21:01:15.792Z rate=1.00 status=playing
2026-10-09 17:01:21 [align] summary samples=1498 polls=50 pollFailures=0 firstClock=6.4 sampleGapMax=1.1 pollGapMax=30.4 tailSampleGap=0.0 tailPollGap=25.0 rate=1.00-1.00
2026-10-09 17:01:21 [align] summary clockInvalid=none
2026-10-09 17:01:21 [align] summary window start=0 media=293.0 elapsed=293.1 ratio=1.000
2026-10-09 17:01:21 [align] summary window start=300 media=299.0 elapsed=299.0 ratio=1.000
2026-10-09 17:01:21 [align] summary window start=600 media=299.0 elapsed=299.0 ratio=1.000
2026-10-09 17:01:21 [align] summary window start=900 media=299.0 elapsed=299.0 ratio=1.000
2026-10-09 17:01:21 [align] summary window start=1200 media=299.0 elapsed=299.0 ratio=1.000
2026-10-09 17:01:21 [align] verdict passed=false failures=1 kind=checkpoint
2026-10-09 17:01:21 [align] verdict - poll attempts 50 below 58
2026-10-09 17:01:22 [align] probe gen=B730E710 t=1501.5 media=1495.0 date=2026-10-09T21:01:16.792Z rate=1.00 status=playing
2026-10-09 17:01:23 [align] probe gen=B730E710 t=1502.5 media=1496.0 date=2026-10-09T21:01:17.792Z rate=1.00 status=playing
2026-10-09 17:01:24 [align] probe gen=B730E710 t=1503.5 media=1497.0 date=2026-10-09T21:01:18.792Z rate=1.00 status=playing
2026-10-09 17:01:25 [align] probe gen=B730E710 t=1504.5 media=1498.0 date=2026-10-09T21:01:19.792Z rate=1.00 status=playing
2026-10-09 17:01:26 [align] probe gen=B730E710 t=1505.5 media=1499.0 date=2026-10-09T21:01:20.792Z rate=1.00 status=playing
2026-10-09 17:01:26 [align] poll n=51 t=1505.5 ok entries=10 age=30.0
2026-10-09 17:01:27 [align] probe gen=B730E710 t=1506.5 media=1500.0 date=2026-10-09T21:01:21.791Z rate=1.00 status=playing
2026-10-09 17:01:28 [align] probe gen=B730E710 t=1507.5 media=1501.0 date=2026-10-09T21:01:22.791Z rate=1.00 status=playing
2026-10-09 17:01:29 [align] probe gen=B730E710 t=1508.5 media=1502.0 date=2026-10-09T21:01:23.791Z rate=1.00 status=playing
2026-10-09 17:01:30 [align] probe gen=B730E710 t=1509.5 media=1503.0 date=2026-10-09T21:01:24.791Z rate=1.00 status=playing
2026-10-09 17:01:31 [align] probe gen=B730E710 t=1510.5 media=1504.0 date=2026-10-09T21:01:25.791Z rate=1.00 status=playing
2026-10-09 17:01:32 [align] probe gen=B730E710 t=1511.5 media=1505.0 date=2026-10-09T21:01:26.791Z rate=1.00 status=playing
2026-10-09 17:01:33 [align] probe gen=B730E710 t=1512.5 media=1506.0 date=2026-10-09T21:01:27.790Z rate=1.00 status=playing
2026-10-09 17:01:34 [align] probe gen=B730E710 t=1513.5 media=1507.0 date=2026-10-09T21:01:28.790Z rate=1.00 status=playing
2026-10-09 17:01:35 [align] probe gen=B730E710 t=1514.5 media=1508.0 date=2026-10-09T21:01:29.790Z rate=1.00 status=playing
2026-10-09 17:01:36 [align] probe gen=B730E710 t=1515.5 media=1509.0 date=2026-10-09T21:01:30.790Z rate=1.00 status=playing
2026-10-09 17:01:37 [align] probe gen=B730E710 t=1516.5 media=1510.0 date=2026-10-09T21:01:31.790Z rate=1.00 status=playing
2026-10-09 17:01:38 [align] probe gen=B730E710 t=1517.5 media=1511.0 date=2026-10-09T21:01:32.790Z rate=1.00 status=playing
2026-10-09 17:01:39 [align] probe gen=B730E710 t=1518.5 media=1512.0 date=2026-10-09T21:01:33.790Z rate=1.00 status=playing
2026-10-09 17:01:40 [align] probe gen=B730E710 t=1519.5 media=1513.0 date=2026-10-09T21:01:34.790Z rate=1.00 status=playing
2026-10-09 17:01:41 [align] probe gen=B730E710 t=1520.5 media=1514.0 date=2026-10-09T21:01:35.790Z rate=1.00 status=playing
2026-10-09 17:01:42 [align] probe gen=B730E710 t=1521.5 media=1515.0 date=2026-10-09T21:01:36.790Z rate=1.00 status=playing
2026-10-09 17:01:43 [align] probe gen=B730E710 t=1522.5 media=1516.0 date=2026-10-09T21:01:37.790Z rate=1.00 status=playing
2026-10-09 17:01:44 [align] probe gen=B730E710 t=1523.5 media=1517.0 date=2026-10-09T21:01:38.790Z rate=1.00 status=playing
2026-10-09 17:01:45 [align] probe gen=B730E710 t=1524.5 media=1518.0 date=2026-10-09T21:01:39.790Z rate=1.00 status=playing
2026-10-09 17:01:46 [align] probe gen=B730E710 t=1525.5 media=1519.0 date=2026-10-09T21:01:40.789Z rate=1.00 status=playing
2026-10-09 17:01:47 [align] probe gen=B730E710 t=1526.5 media=1520.0 date=2026-10-09T21:01:41.789Z rate=1.00 status=playing
2026-10-09 17:01:48 [align] probe gen=B730E710 t=1527.5 media=1521.0 date=2026-10-09T21:01:42.789Z rate=1.00 status=playing
2026-10-09 17:01:49 [align] probe gen=B730E710 t=1528.5 media=1522.0 date=2026-10-09T21:01:43.789Z rate=1.00 status=playing
2026-10-09 17:01:50 [align] probe gen=B730E710 t=1529.5 media=1523.0 date=2026-10-09T21:01:44.789Z rate=1.00 status=playing
2026-10-09 17:01:51 [align] probe gen=B730E710 t=1530.5 media=1524.0 date=2026-10-09T21:01:45.788Z rate=1.00 status=playing
2026-10-09 17:01:52 [align] probe gen=B730E710 t=1531.5 media=1525.0 date=2026-10-09T21:01:46.788Z rate=1.00 status=playing
2026-10-09 17:01:53 [align] probe gen=B730E710 t=1532.5 media=1526.0 date=2026-10-09T21:01:47.788Z rate=1.00 status=playing
2026-10-09 17:01:54 [align] probe gen=B730E710 t=1533.5 media=1527.0 date=2026-10-09T21:01:48.788Z rate=1.00 status=playing
2026-10-09 17:01:55 [align] probe gen=B730E710 t=1534.5 media=1528.0 date=2026-10-09T21:01:49.788Z rate=1.00 status=playing
2026-10-09 17:01:56 [align] probe gen=B730E710 t=1535.5 media=1529.0 date=2026-10-09T21:01:50.788Z rate=1.00 status=playing
2026-10-09 17:01:56 [align] poll n=52 t=1535.6 ok entries=10 age=nil
2026-10-09 17:01:57 [align] probe gen=B730E710 t=1536.5 media=1530.0 date=2026-10-09T21:01:51.787Z rate=1.00 status=playing
2026-10-09 17:01:58 [align] probe gen=B730E710 t=1537.5 media=1531.0 date=2026-10-09T21:01:52.787Z rate=1.00 status=playing
2026-10-09 17:01:59 [align] probe gen=B730E710 t=1538.5 media=1532.0 date=2026-10-09T21:01:53.787Z rate=1.00 status=playing
2026-10-09 17:02:00 [align] probe gen=B730E710 t=1539.5 media=1533.0 date=2026-10-09T21:01:54.787Z rate=1.00 status=playing
2026-10-09 17:02:01 [align] probe gen=B730E710 t=1540.5 media=1534.0 date=2026-10-09T21:01:55.787Z rate=1.00 status=playing
2026-10-09 17:02:02 [align] probe gen=B730E710 t=1541.5 media=1535.0 date=2026-10-09T21:01:56.787Z rate=1.00 status=playing
2026-10-09 17:02:03 [align] probe gen=B730E710 t=1542.5 media=1536.0 date=2026-10-09T21:01:57.786Z rate=1.00 status=playing
2026-10-09 17:02:04 [align] probe gen=B730E710 t=1543.5 media=1537.0 date=2026-10-09T21:01:58.786Z rate=1.00 status=playing
2026-10-09 17:02:05 [align] probe gen=B730E710 t=1544.5 media=1538.0 date=2026-10-09T21:01:59.786Z rate=1.00 status=playing
2026-10-09 17:02:06 [align] probe gen=B730E710 t=1545.5 media=1539.0 date=2026-10-09T21:02:00.786Z rate=1.00 status=playing
2026-10-09 17:02:07 [align] probe gen=B730E710 t=1546.5 media=1540.0 date=2026-10-09T21:02:01.786Z rate=1.00 status=playing
2026-10-09 17:02:08 [align] probe gen=B730E710 t=1547.5 media=1541.0 date=2026-10-09T21:02:02.786Z rate=1.00 status=playing
2026-10-09 17:02:09 [align] probe gen=B730E710 t=1548.5 media=1542.0 date=2026-10-09T21:02:03.785Z rate=1.00 status=playing
2026-10-09 17:02:10 [align] probe gen=B730E710 t=1549.5 media=1543.0 date=2026-10-09T21:02:04.785Z rate=1.00 status=playing
2026-10-09 17:02:11 [align] probe gen=B730E710 t=1550.5 media=1544.0 date=2026-10-09T21:02:05.786Z rate=1.00 status=playing
2026-10-09 17:02:12 [align] probe gen=B730E710 t=1551.5 media=1545.0 date=2026-10-09T21:02:06.785Z rate=1.00 status=playing
2026-10-09 17:02:13 [align] probe gen=B730E710 t=1552.5 media=1546.0 date=2026-10-09T21:02:07.785Z rate=1.00 status=playing
2026-10-09 17:02:14 [align] probe gen=B730E710 t=1553.5 media=1547.0 date=2026-10-09T21:02:08.786Z rate=1.00 status=playing
2026-10-09 17:02:15 [align] probe gen=B730E710 t=1554.5 media=1548.0 date=2026-10-09T21:02:09.786Z rate=1.00 status=playing
2026-10-09 17:02:16 [align] probe gen=B730E710 t=1555.5 media=1549.0 date=2026-10-09T21:02:10.784Z rate=1.00 status=playing
2026-10-09 17:02:17 [align] probe gen=B730E710 t=1556.5 media=1550.0 date=2026-10-09T21:02:11.784Z rate=1.00 status=playing
2026-10-09 17:02:18 [align] probe gen=B730E710 t=1557.5 media=1551.0 date=2026-10-09T21:02:12.784Z rate=1.00 status=playing
2026-10-09 17:02:19 [align] probe gen=B730E710 t=1558.5 media=1552.0 date=2026-10-09T21:02:13.784Z rate=1.00 status=playing
2026-10-09 17:02:20 [align] probe gen=B730E710 t=1559.5 media=1553.0 date=2026-10-09T21:02:14.785Z rate=1.00 status=playing
2026-10-09 17:02:21 [align] probe gen=B730E710 t=1560.5 media=1554.0 date=2026-10-09T21:02:15.784Z rate=1.00 status=playing
2026-10-09 17:02:22 [align] probe gen=B730E710 t=1561.5 media=1555.0 date=2026-10-09T21:02:16.784Z rate=1.00 status=playing
2026-10-09 17:02:23 [align] probe gen=B730E710 t=1562.5 media=1556.0 date=2026-10-09T21:02:17.784Z rate=1.00 status=playing
2026-10-09 17:02:24 [align] probe gen=B730E710 t=1563.5 media=1557.0 date=2026-10-09T21:02:18.784Z rate=1.00 status=playing
2026-10-09 17:02:25 [align] probe gen=B730E710 t=1564.5 media=1558.0 date=2026-10-09T21:02:19.784Z rate=1.00 status=playing
2026-10-09 17:02:26 [align] probe gen=B730E710 t=1565.5 media=1559.0 date=2026-10-09T21:02:20.784Z rate=1.00 status=playing
2026-10-09 17:02:26 [align] poll n=53 t=1565.8 ok entries=10 age=30.0
2026-10-09 17:02:27 [align] probe gen=B730E710 t=1566.5 media=1560.0 date=2026-10-09T21:02:21.783Z rate=1.00 status=playing
2026-10-09 17:02:28 [align] probe gen=B730E710 t=1567.5 media=1561.0 date=2026-10-09T21:02:22.783Z rate=1.00 status=playing
2026-10-09 17:02:29 [align] probe gen=B730E710 t=1568.5 media=1562.0 date=2026-10-09T21:02:23.783Z rate=1.00 status=playing
2026-10-09 17:02:30 [align] probe gen=B730E710 t=1569.5 media=1563.0 date=2026-10-09T21:02:24.783Z rate=1.00 status=playing
2026-10-09 17:02:31 [align] probe gen=B730E710 t=1570.5 media=1564.0 date=2026-10-09T21:02:25.783Z rate=1.00 status=playing
2026-10-09 17:02:32 [align] probe gen=B730E710 t=1571.5 media=1565.0 date=2026-10-09T21:02:26.783Z rate=1.00 status=playing
2026-10-09 17:02:33 [align] probe gen=B730E710 t=1572.5 media=1566.0 date=2026-10-09T21:02:27.782Z rate=1.00 status=playing
2026-10-09 17:02:34 [align] probe gen=B730E710 t=1573.5 media=1567.0 date=2026-10-09T21:02:28.782Z rate=1.00 status=playing
2026-10-09 17:02:35 [align] probe gen=B730E710 t=1574.5 media=1568.0 date=2026-10-09T21:02:29.782Z rate=1.00 status=playing
2026-10-09 17:02:36 [align] probe gen=B730E710 t=1575.5 media=1569.0 date=2026-10-09T21:02:30.782Z rate=1.00 status=playing
2026-10-09 17:02:37 [align] probe gen=B730E710 t=1576.5 media=1570.0 date=2026-10-09T21:02:31.782Z rate=1.00 status=playing
2026-10-09 17:02:38 [align] probe gen=B730E710 t=1577.5 media=1571.0 date=2026-10-09T21:02:32.782Z rate=1.00 status=playing
2026-10-09 17:02:39 [align] probe gen=B730E710 t=1578.5 media=1572.0 date=2026-10-09T21:02:33.781Z rate=1.00 status=playing
2026-10-09 17:02:40 [align] probe gen=B730E710 t=1579.5 media=1573.0 date=2026-10-09T21:02:34.781Z rate=1.00 status=playing
2026-10-09 17:02:41 [align] probe gen=B730E710 t=1580.5 media=1574.0 date=2026-10-09T21:02:35.781Z rate=1.00 status=playing
2026-10-09 17:02:42 [align] probe gen=B730E710 t=1581.5 media=1575.0 date=2026-10-09T21:02:36.781Z rate=1.00 status=playing
2026-10-09 17:02:43 [align] probe gen=B730E710 t=1582.5 media=1576.0 date=2026-10-09T21:02:37.781Z rate=1.00 status=playing
2026-10-09 17:02:44 [align] probe gen=B730E710 t=1583.5 media=1577.0 date=2026-10-09T21:02:38.781Z rate=1.00 status=playing
2026-10-09 17:02:45 [align] probe gen=B730E710 t=1584.5 media=1578.0 date=2026-10-09T21:02:39.781Z rate=1.00 status=playing
2026-10-09 17:02:46 [align] probe gen=B730E710 t=1585.5 media=1579.0 date=2026-10-09T21:02:40.780Z rate=1.00 status=playing
2026-10-09 17:02:47 [align] probe gen=B730E710 t=1586.5 media=1580.0 date=2026-10-09T21:02:41.780Z rate=1.00 status=playing
2026-10-09 17:02:48 [align] probe gen=B730E710 t=1587.5 media=1581.0 date=2026-10-09T21:02:42.780Z rate=1.00 status=playing
2026-10-09 17:02:49 [align] probe gen=B730E710 t=1588.5 media=1582.0 date=2026-10-09T21:02:43.780Z rate=1.00 status=playing
2026-10-09 17:02:50 [align] probe gen=B730E710 t=1589.5 media=1583.0 date=2026-10-09T21:02:44.780Z rate=1.00 status=playing
2026-10-09 17:02:51 [align] probe gen=B730E710 t=1590.5 media=1584.0 date=2026-10-09T21:02:45.780Z rate=1.00 status=playing
2026-10-09 17:02:52 [align] probe gen=B730E710 t=1591.5 media=1585.0 date=2026-10-09T21:02:46.779Z rate=1.00 status=playing
2026-10-09 17:02:53 [align] probe gen=B730E710 t=1592.5 media=1586.0 date=2026-10-09T21:02:47.780Z rate=1.00 status=playing
2026-10-09 17:02:54 [align] probe gen=B730E710 t=1593.5 media=1587.0 date=2026-10-09T21:02:48.780Z rate=1.00 status=playing
2026-10-09 17:02:55 [align] probe gen=B730E710 t=1594.5 media=1588.0 date=2026-10-09T21:02:49.780Z rate=1.00 status=playing
2026-10-09 17:02:56 [align] probe gen=B730E710 t=1595.5 media=1589.0 date=2026-10-09T21:02:50.779Z rate=1.00 status=playing
2026-10-09 17:02:57 [align] poll n=54 t=1596.1 ok entries=10 age=nil
2026-10-09 17:02:57 [align] probe gen=B730E710 t=1596.5 media=1590.0 date=2026-10-09T21:02:51.779Z rate=1.00 status=playing
2026-10-09 17:02:58 [align] probe gen=B730E710 t=1597.5 media=1591.0 date=2026-10-09T21:02:52.779Z rate=1.00 status=playing
2026-10-09 17:02:59 [align] probe gen=B730E710 t=1598.5 media=1592.0 date=2026-10-09T21:02:53.779Z rate=1.00 status=playing
2026-10-09 17:03:00 [align] probe gen=B730E710 t=1599.5 media=1593.0 date=2026-10-09T21:02:54.779Z rate=1.00 status=playing
2026-10-09 17:03:01 [align] probe gen=B730E710 t=1600.5 media=1594.0 date=2026-10-09T21:02:55.779Z rate=1.00 status=playing
2026-10-09 17:03:02 [align] probe gen=B730E710 t=1601.5 media=1595.0 date=2026-10-09T21:02:56.779Z rate=1.00 status=playing
2026-10-09 17:03:03 [align] probe gen=B730E710 t=1602.5 media=1596.0 date=2026-10-09T21:02:57.779Z rate=1.00 status=playing
2026-10-09 17:03:04 [align] probe gen=B730E710 t=1603.5 media=1597.0 date=2026-10-09T21:02:58.778Z rate=1.00 status=playing
2026-10-09 17:03:05 [align] probe gen=B730E710 t=1604.5 media=1598.0 date=2026-10-09T21:02:59.778Z rate=1.00 status=playing
2026-10-09 17:03:06 [align] probe gen=B730E710 t=1605.5 media=1599.0 date=2026-10-09T21:03:00.778Z rate=1.00 status=playing
2026-10-09 17:03:07 [align] probe gen=B730E710 t=1606.5 media=1600.0 date=2026-10-09T21:03:01.778Z rate=1.00 status=playing
2026-10-09 17:03:08 [align] probe gen=B730E710 t=1607.5 media=1601.0 date=2026-10-09T21:03:02.778Z rate=1.00 status=playing
2026-10-09 17:03:09 [align] probe gen=B730E710 t=1608.5 media=1602.0 date=2026-10-09T21:03:03.777Z rate=1.00 status=playing
2026-10-09 17:03:10 [align] probe gen=B730E710 t=1609.5 media=1603.0 date=2026-10-09T21:03:04.777Z rate=1.00 status=playing
2026-10-09 17:03:11 [align] probe gen=B730E710 t=1610.5 media=1604.0 date=2026-10-09T21:03:05.777Z rate=1.00 status=playing
2026-10-09 17:03:12 [align] probe gen=B730E710 t=1611.5 media=1605.0 date=2026-10-09T21:03:06.777Z rate=1.00 status=playing
2026-10-09 17:03:13 [align] probe gen=B730E710 t=1612.5 media=1606.0 date=2026-10-09T21:03:07.777Z rate=1.00 status=playing
2026-10-09 17:03:14 [align] probe gen=B730E710 t=1613.5 media=1607.0 date=2026-10-09T21:03:08.777Z rate=1.00 status=playing
2026-10-09 17:03:15 [align] probe gen=B730E710 t=1614.5 media=1608.0 date=2026-10-09T21:03:09.777Z rate=1.00 status=playing
2026-10-09 17:03:16 [align] probe gen=B730E710 t=1615.5 media=1609.0 date=2026-10-09T21:03:10.776Z rate=1.00 status=playing
2026-10-09 17:03:17 [align] probe gen=B730E710 t=1616.5 media=1610.0 date=2026-10-09T21:03:11.776Z rate=1.00 status=playing
2026-10-09 17:03:18 [align] probe gen=B730E710 t=1617.5 media=1611.0 date=2026-10-09T21:03:12.776Z rate=1.00 status=playing
2026-10-09 17:03:19 [align] probe gen=B730E710 t=1618.5 media=1612.0 date=2026-10-09T21:03:13.776Z rate=1.00 status=playing
2026-10-09 17:03:20 [align] probe gen=B730E710 t=1619.5 media=1613.0 date=2026-10-09T21:03:14.776Z rate=1.00 status=playing
2026-10-09 17:03:21 [align] probe gen=B730E710 t=1620.5 media=1614.0 date=2026-10-09T21:03:15.775Z rate=1.00 status=playing
2026-10-09 17:03:22 [align] probe gen=B730E710 t=1621.5 media=1615.0 date=2026-10-09T21:03:16.775Z rate=1.00 status=playing
2026-10-09 17:03:23 [align] probe gen=B730E710 t=1622.5 media=1616.0 date=2026-10-09T21:03:17.775Z rate=1.00 status=playing
2026-10-09 17:03:24 [align] probe gen=B730E710 t=1623.5 media=1617.0 date=2026-10-09T21:03:18.775Z rate=1.00 status=playing
2026-10-09 17:03:25 [align] probe gen=B730E710 t=1624.5 media=1618.0 date=2026-10-09T21:03:19.775Z rate=1.00 status=playing
2026-10-09 17:03:26 [align] probe gen=B730E710 t=1625.5 media=1619.0 date=2026-10-09T21:03:20.775Z rate=1.00 status=playing
2026-10-09 17:03:27 [align] poll n=55 t=1626.4 ok entries=10 age=30.0
2026-10-09 17:03:27 [align] probe gen=B730E710 t=1626.5 media=1620.0 date=2026-10-09T21:03:21.775Z rate=1.00 status=playing
2026-10-09 17:03:28 [align] probe gen=B730E710 t=1627.5 media=1621.0 date=2026-10-09T21:03:22.775Z rate=1.00 status=playing
2026-10-09 17:03:29 [align] probe gen=B730E710 t=1628.5 media=1622.0 date=2026-10-09T21:03:23.775Z rate=1.00 status=playing
2026-10-09 17:03:30 [align] probe gen=B730E710 t=1629.5 media=1623.0 date=2026-10-09T21:03:24.775Z rate=1.00 status=playing
2026-10-09 17:03:31 [align] probe gen=B730E710 t=1630.5 media=1624.0 date=2026-10-09T21:03:25.775Z rate=1.00 status=playing
2026-10-09 17:03:32 [align] probe gen=B730E710 t=1631.5 media=1625.0 date=2026-10-09T21:03:26.775Z rate=1.00 status=playing
2026-10-09 17:03:33 [align] probe gen=B730E710 t=1632.5 media=1626.0 date=2026-10-09T21:03:27.775Z rate=1.00 status=playing
2026-10-09 17:03:34 [align] probe gen=B730E710 t=1633.5 media=1627.0 date=2026-10-09T21:03:28.774Z rate=1.00 status=playing
2026-10-09 17:03:35 [align] probe gen=B730E710 t=1634.5 media=1628.0 date=2026-10-09T21:03:29.774Z rate=1.00 status=playing
2026-10-09 17:03:36 [align] probe gen=B730E710 t=1635.5 media=1629.0 date=2026-10-09T21:03:30.774Z rate=1.00 status=playing
2026-10-09 17:03:37 [align] probe gen=B730E710 t=1636.5 media=1630.0 date=2026-10-09T21:03:31.774Z rate=1.00 status=playing
2026-10-09 17:03:38 [align] probe gen=B730E710 t=1637.5 media=1631.0 date=2026-10-09T21:03:32.774Z rate=1.00 status=playing
2026-10-09 17:03:39 [align] probe gen=B730E710 t=1638.5 media=1632.0 date=2026-10-09T21:03:33.773Z rate=1.00 status=playing
2026-10-09 17:03:40 [align] probe gen=B730E710 t=1639.5 media=1633.0 date=2026-10-09T21:03:34.773Z rate=1.00 status=playing
2026-10-09 17:03:41 [align] probe gen=B730E710 t=1640.5 media=1634.0 date=2026-10-09T21:03:35.773Z rate=1.00 status=playing
2026-10-09 17:03:42 [align] probe gen=B730E710 t=1641.5 media=1635.0 date=2026-10-09T21:03:36.773Z rate=1.00 status=playing
2026-10-09 17:03:43 [align] probe gen=B730E710 t=1642.5 media=1636.0 date=2026-10-09T21:03:37.773Z rate=1.00 status=playing
2026-10-09 17:03:43 [align] decision t=1642.5 candidate="Bedroom Eyes — Poolside" songSec=0.0 reason=estimated +160s; not verified audible
2026-10-09 17:03:44 [align] probe gen=B730E710 t=1643.5 media=1637.0 date=2026-10-09T21:03:38.773Z rate=1.00 status=playing
2026-10-09 17:03:45 [align] probe gen=B730E710 t=1644.5 media=1638.0 date=2026-10-09T21:03:39.773Z rate=1.00 status=playing
2026-10-09 17:03:46 [align] probe gen=B730E710 t=1645.5 media=1639.0 date=2026-10-09T21:03:40.772Z rate=1.00 status=playing
2026-10-09 17:03:47 [align] probe gen=B730E710 t=1646.5 media=1640.0 date=2026-10-09T21:03:41.772Z rate=1.00 status=playing
2026-10-09 17:03:48 [align] probe gen=B730E710 t=1647.5 media=1641.0 date=2026-10-09T21:03:42.772Z rate=1.00 status=playing
2026-10-09 17:03:49 [align] probe gen=B730E710 t=1648.5 media=1642.0 date=2026-10-09T21:03:43.772Z rate=1.00 status=playing
2026-10-09 17:03:50 [align] probe gen=B730E710 t=1649.5 media=1643.0 date=2026-10-09T21:03:44.772Z rate=1.00 status=playing
2026-10-09 17:03:51 [align] probe gen=B730E710 t=1650.5 media=1644.0 date=2026-10-09T21:03:45.771Z rate=1.00 status=playing
2026-10-09 17:03:52 [align] probe gen=B730E710 t=1651.5 media=1645.0 date=2026-10-09T21:03:46.771Z rate=1.00 status=playing
2026-10-09 17:03:53 [align] probe gen=B730E710 t=1652.5 media=1646.0 date=2026-10-09T21:03:47.771Z rate=1.00 status=playing
2026-10-09 17:03:54 [align] probe gen=B730E710 t=1653.5 media=1647.0 date=2026-10-09T21:03:48.771Z rate=1.00 status=playing
2026-10-09 17:03:55 [align] probe gen=B730E710 t=1654.5 media=1648.0 date=2026-10-09T21:03:49.771Z rate=1.00 status=playing
2026-10-09 17:03:56 [align] probe gen=B730E710 t=1655.5 media=1649.0 date=2026-10-09T21:03:50.771Z rate=1.00 status=playing
2026-10-09 17:03:57 [align] probe gen=B730E710 t=1656.5 media=1650.0 date=2026-10-09T21:03:51.770Z rate=1.00 status=playing
2026-10-09 17:03:57 [align] poll n=56 t=1656.5 ok entries=10 age=nil
2026-10-09 17:03:58 [align] probe gen=B730E710 t=1657.5 media=1651.0 date=2026-10-09T21:03:52.771Z rate=1.00 status=playing
2026-10-09 17:03:59 [align] probe gen=B730E710 t=1658.5 media=1652.0 date=2026-10-09T21:03:53.770Z rate=1.00 status=playing
2026-10-09 17:04:00 [align] probe gen=B730E710 t=1659.5 media=1653.0 date=2026-10-09T21:03:54.770Z rate=1.00 status=playing
2026-10-09 17:04:01 [align] probe gen=B730E710 t=1660.5 media=1654.0 date=2026-10-09T21:03:55.770Z rate=1.00 status=playing
2026-10-09 17:04:02 [align] probe gen=B730E710 t=1661.5 media=1655.0 date=2026-10-09T21:03:56.770Z rate=1.00 status=playing
2026-10-09 17:04:03 [align] probe gen=B730E710 t=1662.5 media=1656.0 date=2026-10-09T21:03:57.770Z rate=1.00 status=playing
2026-10-09 17:04:04 [align] probe gen=B730E710 t=1663.5 media=1657.0 date=2026-10-09T21:03:58.769Z rate=1.00 status=playing
2026-10-09 17:04:05 [align] probe gen=B730E710 t=1664.5 media=1658.0 date=2026-10-09T21:03:59.769Z rate=1.00 status=playing
2026-10-09 17:04:06 [align] probe gen=B730E710 t=1665.5 media=1659.0 date=2026-10-09T21:04:00.769Z rate=1.00 status=playing
2026-10-09 17:04:07 [align] probe gen=B730E710 t=1666.5 media=1660.0 date=2026-10-09T21:04:01.769Z rate=1.00 status=playing
2026-10-09 17:04:08 [align] probe gen=B730E710 t=1667.5 media=1661.0 date=2026-10-09T21:04:02.769Z rate=1.00 status=playing
2026-10-09 17:04:09 [align] probe gen=B730E710 t=1668.5 media=1662.0 date=2026-10-09T21:04:03.769Z rate=1.00 status=playing
2026-10-09 17:04:10 [align] probe gen=B730E710 t=1669.5 media=1663.0 date=2026-10-09T21:04:04.769Z rate=1.00 status=playing
2026-10-09 17:04:11 [align] probe gen=B730E710 t=1670.5 media=1664.0 date=2026-10-09T21:04:05.769Z rate=1.00 status=playing
2026-10-09 17:04:12 [align] probe gen=B730E710 t=1671.5 media=1665.0 date=2026-10-09T21:04:06.769Z rate=1.00 status=playing
2026-10-09 17:04:13 [align] probe gen=B730E710 t=1672.5 media=1666.0 date=2026-10-09T21:04:07.769Z rate=1.00 status=playing
2026-10-09 17:04:14 [align] probe gen=B730E710 t=1673.5 media=1667.0 date=2026-10-09T21:04:08.769Z rate=1.00 status=playing
2026-10-09 17:04:15 [align] probe gen=B730E710 t=1674.5 media=1668.0 date=2026-10-09T21:04:09.769Z rate=1.00 status=playing
2026-10-09 17:04:16 [align] probe gen=B730E710 t=1675.5 media=1669.0 date=2026-10-09T21:04:10.768Z rate=1.00 status=playing
2026-10-09 17:04:17 [align] probe gen=B730E710 t=1676.5 media=1670.0 date=2026-10-09T21:04:11.768Z rate=1.00 status=playing
2026-10-09 17:04:18 [align] probe gen=B730E710 t=1677.5 media=1671.0 date=2026-10-09T21:04:12.768Z rate=1.00 status=playing
2026-10-09 17:04:19 [align] probe gen=B730E710 t=1678.5 media=1672.0 date=2026-10-09T21:04:13.768Z rate=1.00 status=playing
2026-10-09 17:04:20 [align] probe gen=B730E710 t=1679.5 media=1673.0 date=2026-10-09T21:04:14.768Z rate=1.00 status=playing
2026-10-09 17:04:21 [align] probe gen=B730E710 t=1680.5 media=1674.0 date=2026-10-09T21:04:15.767Z rate=1.00 status=playing
2026-10-09 17:04:22 [align] probe gen=B730E710 t=1681.5 media=1675.0 date=2026-10-09T21:04:16.767Z rate=1.00 status=playing
2026-10-09 17:04:23 [align] probe gen=B730E710 t=1682.5 media=1676.0 date=2026-10-09T21:04:17.767Z rate=1.00 status=playing
2026-10-09 17:04:24 [align] probe gen=B730E710 t=1683.5 media=1677.0 date=2026-10-09T21:04:18.767Z rate=1.00 status=playing
2026-10-09 17:04:25 [align] probe gen=B730E710 t=1684.5 media=1678.0 date=2026-10-09T21:04:19.767Z rate=1.00 status=playing
2026-10-09 17:04:26 [align] probe gen=B730E710 t=1685.5 media=1679.0 date=2026-10-09T21:04:20.767Z rate=1.00 status=playing
2026-10-09 17:04:27 [align] probe gen=B730E710 t=1686.5 media=1680.0 date=2026-10-09T21:04:21.766Z rate=1.00 status=playing
2026-10-09 17:04:27 [align] poll n=57 t=1686.5 ok entries=10 age=30.0
2026-10-09 17:04:28 [align] probe gen=B730E710 t=1687.5 media=1681.0 date=2026-10-09T21:04:22.766Z rate=1.00 status=playing
2026-10-09 17:04:29 [align] probe gen=B730E710 t=1688.5 media=1682.0 date=2026-10-09T21:04:23.766Z rate=1.00 status=playing
2026-10-09 17:04:30 [align] probe gen=B730E710 t=1689.5 media=1683.0 date=2026-10-09T21:04:24.766Z rate=1.00 status=playing
2026-10-09 17:04:31 [align] probe gen=B730E710 t=1690.5 media=1684.0 date=2026-10-09T21:04:25.766Z rate=1.00 status=playing
2026-10-09 17:04:32 [align] probe gen=B730E710 t=1691.5 media=1685.0 date=2026-10-09T21:04:26.766Z rate=1.00 status=playing
2026-10-09 17:04:33 [align] probe gen=B730E710 t=1692.5 media=1686.0 date=2026-10-09T21:04:27.766Z rate=1.00 status=playing
2026-10-09 17:04:34 [align] probe gen=B730E710 t=1693.5 media=1687.0 date=2026-10-09T21:04:28.765Z rate=1.00 status=playing
2026-10-09 17:04:35 [align] probe gen=B730E710 t=1694.5 media=1688.0 date=2026-10-09T21:04:29.765Z rate=1.00 status=playing
2026-10-09 17:04:36 [align] probe gen=B730E710 t=1695.5 media=1689.0 date=2026-10-09T21:04:30.765Z rate=1.00 status=playing
2026-10-09 17:04:37 [align] probe gen=B730E710 t=1696.5 media=1690.0 date=2026-10-09T21:04:31.765Z rate=1.00 status=playing
2026-10-09 17:04:38 [align] probe gen=B730E710 t=1697.5 media=1691.0 date=2026-10-09T21:04:32.765Z rate=1.00 status=playing
2026-10-09 17:04:39 [align] probe gen=B730E710 t=1698.5 media=1692.0 date=2026-10-09T21:04:33.765Z rate=1.00 status=playing
2026-10-09 17:04:40 [align] probe gen=B730E710 t=1699.5 media=1693.0 date=2026-10-09T21:04:34.765Z rate=1.00 status=playing
2026-10-09 17:04:41 [align] probe gen=B730E710 t=1700.5 media=1694.0 date=2026-10-09T21:04:35.765Z rate=1.00 status=playing
2026-10-09 17:04:42 [align] probe gen=B730E710 t=1701.5 media=1695.0 date=2026-10-09T21:04:36.765Z rate=1.00 status=playing
2026-10-09 17:04:43 [align] probe gen=B730E710 t=1702.5 media=1696.0 date=2026-10-09T21:04:37.765Z rate=1.00 status=playing
2026-10-09 17:04:44 [align] probe gen=B730E710 t=1703.5 media=1697.0 date=2026-10-09T21:04:38.765Z rate=1.00 status=playing
2026-10-09 17:04:45 [align] probe gen=B730E710 t=1704.5 media=1698.0 date=2026-10-09T21:04:39.765Z rate=1.00 status=playing
2026-10-09 17:04:46 [align] probe gen=B730E710 t=1705.5 media=1699.0 date=2026-10-09T21:04:40.764Z rate=1.00 status=playing
2026-10-09 17:04:47 [align] probe gen=B730E710 t=1706.5 media=1700.0 date=2026-10-09T21:04:41.764Z rate=1.00 status=playing
2026-10-09 17:04:48 [align] probe gen=B730E710 t=1707.5 media=1701.0 date=2026-10-09T21:04:42.764Z rate=1.00 status=playing
2026-10-09 17:04:49 [align] probe gen=B730E710 t=1708.5 media=1702.0 date=2026-10-09T21:04:43.764Z rate=1.00 status=playing
2026-10-09 17:04:50 [align] probe gen=B730E710 t=1709.5 media=1703.0 date=2026-10-09T21:04:44.764Z rate=1.00 status=playing
2026-10-09 17:04:51 [align] probe gen=B730E710 t=1710.5 media=1704.0 date=2026-10-09T21:04:45.763Z rate=1.00 status=playing
2026-10-09 17:04:52 [align] probe gen=B730E710 t=1711.5 media=1705.0 date=2026-10-09T21:04:46.763Z rate=1.00 status=playing
2026-10-09 17:04:53 [align] probe gen=B730E710 t=1712.5 media=1706.0 date=2026-10-09T21:04:47.763Z rate=1.00 status=playing
2026-10-09 17:04:54 [align] probe gen=B730E710 t=1713.5 media=1707.0 date=2026-10-09T21:04:48.763Z rate=1.00 status=playing
2026-10-09 17:04:55 [align] probe gen=B730E710 t=1714.5 media=1708.0 date=2026-10-09T21:04:49.763Z rate=1.00 status=playing
2026-10-09 17:04:56 [align] probe gen=B730E710 t=1715.5 media=1709.0 date=2026-10-09T21:04:50.763Z rate=1.00 status=playing
2026-10-09 17:04:57 [align] probe gen=B730E710 t=1716.5 media=1710.0 date=2026-10-09T21:04:51.762Z rate=1.00 status=playing
2026-10-09 17:04:58 [align] poll n=58 t=1716.8 ok entries=10 age=nil
2026-10-09 17:04:58 [align] probe gen=B730E710 t=1717.5 media=1711.0 date=2026-10-09T21:04:52.762Z rate=1.00 status=playing
2026-10-09 17:04:59 [align] probe gen=B730E710 t=1718.5 media=1712.0 date=2026-10-09T21:04:53.762Z rate=1.00 status=playing
2026-10-09 17:05:00 [align] probe gen=B730E710 t=1719.5 media=1713.0 date=2026-10-09T21:04:54.762Z rate=1.00 status=playing
2026-10-09 17:05:01 [align] probe gen=B730E710 t=1720.5 media=1714.0 date=2026-10-09T21:04:55.762Z rate=1.00 status=playing
2026-10-09 17:05:02 [align] probe gen=B730E710 t=1721.5 media=1715.0 date=2026-10-09T21:04:56.762Z rate=1.00 status=playing
2026-10-09 17:05:03 [align] probe gen=B730E710 t=1722.5 media=1716.0 date=2026-10-09T21:04:57.762Z rate=1.00 status=playing
2026-10-09 17:05:04 [align] probe gen=B730E710 t=1723.5 media=1717.0 date=2026-10-09T21:04:58.761Z rate=1.00 status=playing
2026-10-09 17:05:05 [align] probe gen=B730E710 t=1724.5 media=1718.0 date=2026-10-09T21:04:59.761Z rate=1.00 status=playing
2026-10-09 17:05:06 [align] probe gen=B730E710 t=1725.5 media=1719.0 date=2026-10-09T21:05:00.761Z rate=1.00 status=playing
2026-10-09 17:05:07 [align] probe gen=B730E710 t=1726.5 media=1720.0 date=2026-10-09T21:05:01.761Z rate=1.00 status=playing
2026-10-09 17:05:08 [align] probe gen=B730E710 t=1727.5 media=1721.0 date=2026-10-09T21:05:02.761Z rate=1.00 status=playing
2026-10-09 17:05:09 [align] probe gen=B730E710 t=1728.5 media=1722.0 date=2026-10-09T21:05:03.760Z rate=1.00 status=playing
2026-10-09 17:05:10 [align] probe gen=B730E710 t=1729.5 media=1723.0 date=2026-10-09T21:05:04.760Z rate=1.00 status=playing
2026-10-09 17:05:11 [align] probe gen=B730E710 t=1730.5 media=1724.0 date=2026-10-09T21:05:05.760Z rate=1.00 status=playing
2026-10-09 17:05:12 [align] probe gen=B730E710 t=1731.5 media=1725.0 date=2026-10-09T21:05:06.769Z rate=1.00 status=playing
2026-10-09 17:05:13 [align] probe gen=B730E710 t=1732.5 media=1726.0 date=2026-10-09T21:05:07.760Z rate=1.00 status=playing
2026-10-09 17:05:14 [align] probe gen=B730E710 t=1733.5 media=1727.0 date=2026-10-09T21:05:08.760Z rate=1.00 status=playing
2026-10-09 17:05:15 [align] probe gen=B730E710 t=1734.5 media=1728.0 date=2026-10-09T21:05:09.760Z rate=1.00 status=playing
2026-10-09 17:05:16 [align] probe gen=B730E710 t=1735.5 media=1729.0 date=2026-10-09T21:05:10.759Z rate=1.00 status=playing
2026-10-09 17:05:17 [align] probe gen=B730E710 t=1736.5 media=1730.0 date=2026-10-09T21:05:11.759Z rate=1.00 status=playing
2026-10-09 17:05:18 [align] probe gen=B730E710 t=1737.5 media=1731.0 date=2026-10-09T21:05:12.759Z rate=1.00 status=playing
2026-10-09 17:05:19 [align] probe gen=B730E710 t=1738.5 media=1732.0 date=2026-10-09T21:05:13.760Z rate=1.00 status=playing
2026-10-09 17:05:20 [align] probe gen=B730E710 t=1739.5 media=1733.0 date=2026-10-09T21:05:14.759Z rate=1.00 status=playing
2026-10-09 17:05:21 [align] probe gen=B730E710 t=1740.5 media=1734.0 date=2026-10-09T21:05:15.759Z rate=1.00 status=playing
2026-10-09 17:05:22 [align] probe gen=B730E710 t=1741.5 media=1735.0 date=2026-10-09T21:05:16.759Z rate=1.00 status=playing
2026-10-09 17:05:23 [align] probe gen=B730E710 t=1742.5 media=1736.0 date=2026-10-09T21:05:17.759Z rate=1.00 status=playing
2026-10-09 17:05:24 [align] probe gen=B730E710 t=1743.5 media=1737.0 date=2026-10-09T21:05:18.759Z rate=1.00 status=playing
2026-10-09 17:05:25 [align] probe gen=B730E710 t=1744.5 media=1738.0 date=2026-10-09T21:05:19.759Z rate=1.00 status=playing
2026-10-09 17:05:26 [align] probe gen=B730E710 t=1745.5 media=1739.0 date=2026-10-09T21:05:20.759Z rate=1.00 status=playing
2026-10-09 17:05:27 [align] probe gen=B730E710 t=1746.5 media=1740.0 date=2026-10-09T21:05:21.758Z rate=1.00 status=playing
2026-10-09 17:05:28 [align] poll n=59 t=1747.1 ok entries=10 age=30.0
2026-10-09 17:05:28 [align] probe gen=B730E710 t=1747.5 media=1741.0 date=2026-10-09T21:05:22.758Z rate=1.00 status=playing
2026-10-09 17:05:29 [align] probe gen=B730E710 t=1748.5 media=1742.0 date=2026-10-09T21:05:23.758Z rate=1.00 status=playing
2026-10-09 17:05:30 [align] probe gen=B730E710 t=1749.5 media=1743.0 date=2026-10-09T21:05:24.758Z rate=1.00 status=playing
2026-10-09 17:05:31 [align] probe gen=B730E710 t=1750.5 media=1744.0 date=2026-10-09T21:05:25.758Z rate=1.00 status=playing
2026-10-09 17:05:32 [align] probe gen=B730E710 t=1751.5 media=1745.0 date=2026-10-09T21:05:26.758Z rate=1.00 status=playing
2026-10-09 17:05:33 [align] probe gen=B730E710 t=1752.5 media=1746.0 date=2026-10-09T21:05:27.758Z rate=1.00 status=playing
2026-10-09 17:05:34 [align] probe gen=B730E710 t=1753.5 media=1747.0 date=2026-10-09T21:05:28.757Z rate=1.00 status=playing
2026-10-09 17:05:35 [align] probe gen=B730E710 t=1754.5 media=1748.0 date=2026-10-09T21:05:29.757Z rate=1.00 status=playing
2026-10-09 17:05:36 [align] probe gen=B730E710 t=1755.5 media=1749.0 date=2026-10-09T21:05:30.757Z rate=1.00 status=playing
2026-10-09 17:05:37 [align] probe gen=B730E710 t=1756.5 media=1750.0 date=2026-10-09T21:05:31.757Z rate=1.00 status=playing
2026-10-09 17:05:38 [align] probe gen=B730E710 t=1757.5 media=1751.0 date=2026-10-09T21:05:32.757Z rate=1.00 status=playing
2026-10-09 17:05:39 [align] probe gen=B730E710 t=1758.5 media=1752.0 date=2026-10-09T21:05:33.756Z rate=1.00 status=playing
2026-10-09 17:05:40 [align] probe gen=B730E710 t=1759.5 media=1753.0 date=2026-10-09T21:05:34.756Z rate=1.00 status=playing
2026-10-09 17:05:41 [align] probe gen=B730E710 t=1760.5 media=1754.0 date=2026-10-09T21:05:35.756Z rate=1.00 status=playing
2026-10-09 17:05:42 [align] probe gen=B730E710 t=1761.5 media=1755.0 date=2026-10-09T21:05:36.756Z rate=1.00 status=playing
2026-10-09 17:05:43 [align] probe gen=B730E710 t=1762.5 media=1756.0 date=2026-10-09T21:05:37.756Z rate=1.00 status=playing
2026-10-09 17:05:44 [align] probe gen=B730E710 t=1763.5 media=1757.0 date=2026-10-09T21:05:38.756Z rate=1.00 status=playing
2026-10-09 17:05:45 [align] probe gen=B730E710 t=1764.5 media=1758.0 date=2026-10-09T21:05:39.756Z rate=1.00 status=playing
2026-10-09 17:05:46 [align] probe gen=B730E710 t=1765.5 media=1759.0 date=2026-10-09T21:05:40.755Z rate=1.00 status=playing
2026-10-09 17:05:47 [align] probe gen=B730E710 t=1766.5 media=1760.0 date=2026-10-09T21:05:41.755Z rate=1.00 status=playing
2026-10-09 17:05:48 [align] probe gen=B730E710 t=1767.5 media=1761.0 date=2026-10-09T21:05:42.755Z rate=1.00 status=playing
2026-10-09 17:05:49 [align] probe gen=B730E710 t=1768.5 media=1762.0 date=2026-10-09T21:05:43.755Z rate=1.00 status=playing
2026-10-09 17:05:50 [align] probe gen=B730E710 t=1769.5 media=1763.0 date=2026-10-09T21:05:44.755Z rate=1.00 status=playing
2026-10-09 17:05:51 [align] probe gen=B730E710 t=1770.5 media=1764.0 date=2026-10-09T21:05:45.754Z rate=1.00 status=playing
2026-10-09 17:05:52 [align] probe gen=B730E710 t=1771.5 media=1765.0 date=2026-10-09T21:05:46.754Z rate=1.00 status=playing
2026-10-09 17:05:53 [align] probe gen=B730E710 t=1772.5 media=1766.0 date=2026-10-09T21:05:47.755Z rate=1.00 status=playing
2026-10-09 17:05:54 [align] probe gen=B730E710 t=1773.5 media=1767.0 date=2026-10-09T21:05:48.754Z rate=1.00 status=playing
2026-10-09 17:05:55 [align] probe gen=B730E710 t=1774.5 media=1768.0 date=2026-10-09T21:05:49.754Z rate=1.00 status=playing
2026-10-09 17:05:56 [align] probe gen=B730E710 t=1775.5 media=1769.0 date=2026-10-09T21:05:50.755Z rate=1.00 status=playing
2026-10-09 17:05:57 [align] probe gen=B730E710 t=1776.5 media=1770.0 date=2026-10-09T21:05:51.754Z rate=1.00 status=playing
2026-10-09 17:05:58 [align] poll n=60 t=1777.1 ok entries=10 age=60.0
2026-10-09 17:05:58 [align] probe gen=B730E710 t=1777.5 media=1771.0 date=2026-10-09T21:05:52.754Z rate=1.00 status=playing
2026-10-09 17:05:59 [align] probe gen=B730E710 t=1778.5 media=1772.0 date=2026-10-09T21:05:53.754Z rate=1.00 status=playing
2026-10-09 17:06:00 [align] probe gen=B730E710 t=1779.5 media=1773.0 date=2026-10-09T21:05:54.754Z rate=1.00 status=playing
2026-10-09 17:06:01 [align] probe gen=B730E710 t=1780.5 media=1774.0 date=2026-10-09T21:05:55.754Z rate=1.00 status=playing
2026-10-09 17:06:02 [align] probe gen=B730E710 t=1781.5 media=1775.0 date=2026-10-09T21:05:56.754Z rate=1.00 status=playing
2026-10-09 17:06:03 [align] probe gen=B730E710 t=1782.5 media=1776.0 date=2026-10-09T21:05:57.754Z rate=1.00 status=playing
2026-10-09 17:06:04 [align] probe gen=B730E710 t=1783.5 media=1777.0 date=2026-10-09T21:05:58.753Z rate=1.00 status=playing
2026-10-09 17:06:05 [align] probe gen=B730E710 t=1784.5 media=1778.0 date=2026-10-09T21:05:59.753Z rate=1.00 status=playing
2026-10-09 17:06:06 [align] probe gen=B730E710 t=1785.5 media=1779.0 date=2026-10-09T21:06:00.753Z rate=1.00 status=playing
2026-10-09 17:06:07 [align] probe gen=B730E710 t=1786.5 media=1780.0 date=2026-10-09T21:06:01.753Z rate=1.00 status=playing
2026-10-09 17:06:08 [align] probe gen=B730E710 t=1787.5 media=1781.0 date=2026-10-09T21:06:02.753Z rate=1.00 status=playing
2026-10-09 17:06:09 [align] probe gen=B730E710 t=1788.5 media=1782.0 date=2026-10-09T21:06:03.752Z rate=1.00 status=playing
2026-10-09 17:06:10 [align] probe gen=B730E710 t=1789.5 media=1783.0 date=2026-10-09T21:06:04.752Z rate=1.00 status=playing
2026-10-09 17:06:11 [align] probe gen=B730E710 t=1790.5 media=1784.0 date=2026-10-09T21:06:05.752Z rate=1.00 status=playing
2026-10-09 17:06:12 [align] probe gen=B730E710 t=1791.5 media=1785.0 date=2026-10-09T21:06:06.752Z rate=1.00 status=playing
2026-10-09 17:06:13 [align] probe gen=B730E710 t=1792.5 media=1786.0 date=2026-10-09T21:06:07.752Z rate=1.00 status=playing
2026-10-09 17:06:14 [align] probe gen=B730E710 t=1793.5 media=1787.0 date=2026-10-09T21:06:08.752Z rate=1.00 status=playing
2026-10-09 17:06:15 [align] probe gen=B730E710 t=1794.5 media=1788.0 date=2026-10-09T21:06:09.752Z rate=1.00 status=playing
2026-10-09 17:06:16 [align] probe gen=B730E710 t=1795.5 media=1789.0 date=2026-10-09T21:06:10.751Z rate=1.00 status=playing
2026-10-09 17:06:17 [align] probe gen=B730E710 t=1796.5 media=1790.0 date=2026-10-09T21:06:11.751Z rate=1.00 status=playing
2026-10-09 17:06:18 [align] probe gen=B730E710 t=1797.5 media=1791.0 date=2026-10-09T21:06:12.751Z rate=1.00 status=playing
2026-10-09 17:06:19 [align] probe gen=B730E710 t=1798.5 media=1792.0 date=2026-10-09T21:06:13.751Z rate=1.00 status=playing
2026-10-09 17:06:20 [align] probe gen=B730E710 t=1799.5 media=1793.0 date=2026-10-09T21:06:14.751Z rate=1.00 status=playing
2026-10-09 17:06:21 [align] probe gen=B730E710 t=1800.5 media=1794.0 date=2026-10-09T21:06:15.750Z rate=1.00 status=playing
2026-10-09 17:06:21 [align] summary samples=1798 polls=60 pollFailures=0 firstClock=6.4 sampleGapMax=1.1 pollGapMax=30.4 tailSampleGap=0.0 tailPollGap=23.4 rate=1.00-1.00
2026-10-09 17:06:21 [align] summary clockInvalid=none
2026-10-09 17:06:21 [align] summary window start=0 media=293.0 elapsed=293.1 ratio=1.000
2026-10-09 17:06:21 [align] summary window start=300 media=299.0 elapsed=299.0 ratio=1.000
2026-10-09 17:06:21 [align] summary window start=600 media=299.0 elapsed=299.0 ratio=1.000
2026-10-09 17:06:21 [align] summary window start=900 media=299.0 elapsed=299.0 ratio=1.000
2026-10-09 17:06:21 [align] summary window start=1200 media=299.0 elapsed=299.0 ratio=1.000
2026-10-09 17:06:21 [align] summary window start=1500 media=299.0 elapsed=299.0 ratio=1.000
2026-10-09 17:06:21 [align] verdict passed=true failures=0 kind=checkpoint
2026-10-09 17:06:22 [align] probe gen=B730E710 t=1801.5 media=1795.0 date=2026-10-09T21:06:16.750Z rate=1.00 status=playing
2026-10-09 17:06:23 [align] probe gen=B730E710 t=1802.5 media=1796.0 date=2026-10-09T21:06:17.750Z rate=1.00 status=playing
2026-10-09 17:06:24 [align] probe gen=B730E710 t=1803.5 media=1797.0 date=2026-10-09T21:06:18.750Z rate=1.00 status=playing
2026-10-09 17:06:25 [align] probe gen=B730E710 t=1804.5 media=1798.0 date=2026-10-09T21:06:19.750Z rate=1.00 status=playing
2026-10-09 17:06:26 [align] probe gen=B730E710 t=1805.5 media=1799.0 date=2026-10-09T21:06:20.750Z rate=1.00 status=playing
2026-10-09 17:06:27 [align] probe gen=B730E710 t=1806.5 media=1800.0 date=2026-10-09T21:06:21.750Z rate=1.00 status=playing
2026-10-09 17:06:28 [align] probe gen=B730E710 t=1807.5 media=1801.0 date=2026-10-09T21:06:22.750Z rate=1.00 status=playing
2026-10-09 17:06:28 [align] poll n=61 t=1807.5 ok entries=10 age=nil
2026-10-09 17:06:29 [align] probe gen=B730E710 t=1808.5 media=1802.0 date=2026-10-09T21:06:23.750Z rate=1.00 status=playing
2026-10-09 17:06:30 [align] probe gen=B730E710 t=1809.5 media=1803.0 date=2026-10-09T21:06:24.750Z rate=1.00 status=playing
2026-10-09 17:06:31 [align] probe gen=B730E710 t=1810.5 media=1804.0 date=2026-10-09T21:06:25.750Z rate=1.00 status=playing
2026-10-09 17:06:32 [align] probe gen=B730E710 t=1811.5 media=1805.0 date=2026-10-09T21:06:26.750Z rate=1.00 status=playing
2026-10-09 17:06:33 [align] probe gen=B730E710 t=1812.5 media=1806.0 date=2026-10-09T21:06:27.750Z rate=1.00 status=playing
2026-10-09 17:06:34 [align] probe gen=B730E710 t=1813.5 media=1807.0 date=2026-10-09T21:06:28.749Z rate=1.00 status=playing
2026-10-09 17:06:35 [align] probe gen=B730E710 t=1814.5 media=1808.0 date=2026-10-09T21:06:29.749Z rate=1.00 status=playing
2026-10-09 17:06:36 [align] probe gen=B730E710 t=1815.5 media=1809.0 date=2026-10-09T21:06:30.749Z rate=1.00 status=playing
2026-10-09 17:06:37 [align] probe gen=B730E710 t=1816.5 media=1810.0 date=2026-10-09T21:06:31.749Z rate=1.00 status=playing
2026-10-09 17:06:38 [align] probe gen=B730E710 t=1817.5 media=1811.0 date=2026-10-09T21:06:32.749Z rate=1.00 status=playing
2026-10-09 17:06:39 [align] probe gen=B730E710 t=1818.5 media=1812.0 date=2026-10-09T21:06:33.748Z rate=1.00 status=playing
2026-10-09 17:06:40 [align] probe gen=B730E710 t=1819.5 media=1813.0 date=2026-10-09T21:06:34.748Z rate=1.00 status=playing
2026-10-09 17:06:41 [align] probe gen=B730E710 t=1820.5 media=1814.0 date=2026-10-09T21:06:35.748Z rate=1.00 status=playing
2026-10-09 17:06:42 [align] probe gen=B730E710 t=1821.5 media=1815.0 date=2026-10-09T21:06:36.748Z rate=1.00 status=playing
2026-10-09 17:06:43 [align] probe gen=B730E710 t=1822.5 media=1816.0 date=2026-10-09T21:06:37.748Z rate=1.00 status=playing
2026-10-09 17:06:44 [align] probe gen=B730E710 t=1823.5 media=1817.0 date=2026-10-09T21:06:38.748Z rate=1.00 status=playing
2026-10-09 17:06:45 [align] probe gen=B730E710 t=1824.5 media=1818.0 date=2026-10-09T21:06:39.748Z rate=1.00 status=playing
2026-10-09 17:06:46 [align] probe gen=B730E710 t=1825.5 media=1819.0 date=2026-10-09T21:06:40.747Z rate=1.00 status=playing
2026-10-09 17:06:47 [align] probe gen=B730E710 t=1826.5 media=1820.0 date=2026-10-09T21:06:41.747Z rate=1.00 status=playing
2026-10-09 17:06:48 [align] probe gen=B730E710 t=1827.5 media=1821.0 date=2026-10-09T21:06:42.747Z rate=1.00 status=playing
2026-10-09 17:06:49 [align] probe gen=B730E710 t=1828.5 media=1822.0 date=2026-10-09T21:06:43.747Z rate=1.00 status=playing
2026-10-09 17:06:50 [align] probe gen=B730E710 t=1829.5 media=1823.0 date=2026-10-09T21:06:44.747Z rate=1.00 status=playing
2026-10-09 17:06:51 [align] probe gen=B730E710 t=1830.5 media=1824.0 date=2026-10-09T21:06:45.746Z rate=1.00 status=playing
2026-10-09 17:06:52 [align] probe gen=B730E710 t=1831.5 media=1825.0 date=2026-10-09T21:06:46.746Z rate=1.00 status=playing
2026-10-09 17:06:53 [align] probe gen=B730E710 t=1832.5 media=1826.0 date=2026-10-09T21:06:47.746Z rate=1.00 status=playing
2026-10-09 17:06:54 [align] probe gen=B730E710 t=1833.5 media=1827.0 date=2026-10-09T21:06:48.746Z rate=1.00 status=playing
2026-10-09 17:06:55 [align] probe gen=B730E710 t=1834.5 media=1828.0 date=2026-10-09T21:06:49.746Z rate=1.00 status=playing
2026-10-09 17:06:56 [align] probe gen=B730E710 t=1835.5 media=1829.0 date=2026-10-09T21:06:50.746Z rate=1.00 status=playing
2026-10-09 17:06:57 [align] probe gen=B730E710 t=1836.5 media=1830.0 date=2026-10-09T21:06:51.745Z rate=1.00 status=playing
2026-10-09 17:06:58 [align] probe gen=B730E710 t=1837.5 media=1831.0 date=2026-10-09T21:06:52.745Z rate=1.00 status=playing
2026-10-09 17:06:58 [align] poll n=62 t=1837.5 ok entries=10 age=30.0
2026-10-09 17:06:59 [align] probe gen=B730E710 t=1838.5 media=1832.0 date=2026-10-09T21:06:53.745Z rate=1.00 status=playing
2026-10-09 17:07:00 [align] probe gen=B730E710 t=1839.5 media=1833.0 date=2026-10-09T21:06:54.745Z rate=1.00 status=playing
2026-10-09 17:07:01 [align] probe gen=B730E710 t=1840.5 media=1834.0 date=2026-10-09T21:06:55.745Z rate=1.00 status=playing
2026-10-09 17:07:02 [align] probe gen=B730E710 t=1841.5 media=1835.0 date=2026-10-09T21:06:56.745Z rate=1.00 status=playing
2026-10-09 17:07:03 [align] probe gen=B730E710 t=1842.5 media=1836.0 date=2026-10-09T21:06:57.745Z rate=1.00 status=playing
2026-10-09 17:07:04 [align] probe gen=B730E710 t=1843.5 media=1837.0 date=2026-10-09T21:06:58.744Z rate=1.00 status=playing
2026-10-09 17:07:05 [align] probe gen=B730E710 t=1844.5 media=1838.0 date=2026-10-09T21:06:59.744Z rate=1.00 status=playing
2026-10-09 17:07:06 [align] probe gen=B730E710 t=1845.5 media=1839.0 date=2026-10-09T21:07:00.744Z rate=1.00 status=playing
2026-10-09 17:07:07 [align] probe gen=B730E710 t=1846.5 media=1840.0 date=2026-10-09T21:07:01.744Z rate=1.00 status=playing
2026-10-09 17:07:08 [align] probe gen=B730E710 t=1847.5 media=1841.0 date=2026-10-09T21:07:02.744Z rate=1.00 status=playing
2026-10-09 17:07:09 [align] probe gen=B730E710 t=1848.5 media=1842.0 date=2026-10-09T21:07:03.744Z rate=1.00 status=playing
2026-10-09 17:07:10 [align] probe gen=B730E710 t=1849.5 media=1843.0 date=2026-10-09T21:07:04.744Z rate=1.00 status=playing
2026-10-09 17:07:11 [align] probe gen=B730E710 t=1850.5 media=1844.0 date=2026-10-09T21:07:05.744Z rate=1.00 status=playing
2026-10-09 17:07:12 [align] probe gen=B730E710 t=1851.5 media=1845.0 date=2026-10-09T21:07:06.744Z rate=1.00 status=playing
2026-10-09 17:07:13 [align] probe gen=B730E710 t=1852.5 media=1846.0 date=2026-10-09T21:07:07.744Z rate=1.00 status=playing
2026-10-09 17:07:14 [align] probe gen=B730E710 t=1853.5 media=1847.0 date=2026-10-09T21:07:08.744Z rate=1.00 status=playing
2026-10-09 17:07:15 [align] probe gen=B730E710 t=1854.5 media=1848.0 date=2026-10-09T21:07:09.744Z rate=1.00 status=playing
2026-10-09 17:07:16 [align] probe gen=B730E710 t=1855.5 media=1849.0 date=2026-10-09T21:07:10.743Z rate=1.00 status=playing
2026-10-09 17:07:17 [align] probe gen=B730E710 t=1856.5 media=1850.0 date=2026-10-09T21:07:11.743Z rate=1.00 status=playing
2026-10-09 17:07:18 [align] probe gen=B730E710 t=1857.5 media=1851.0 date=2026-10-09T21:07:12.743Z rate=1.00 status=playing
2026-10-09 17:07:19 [align] probe gen=B730E710 t=1858.5 media=1852.0 date=2026-10-09T21:07:13.743Z rate=1.00 status=playing
2026-10-09 17:07:19 [align] decision t=1858.5 candidate="The Governor’s Waltz — Phoebe Bridgers" songSec=0.0 reason=estimated +160s; not verified audible
2026-10-09 17:07:20 [align] probe gen=B730E710 t=1859.5 media=1853.0 date=2026-10-09T21:07:14.743Z rate=1.00 status=playing
2026-10-09 17:07:21 [align] probe gen=B730E710 t=1860.5 media=1854.0 date=2026-10-09T21:07:15.742Z rate=1.00 status=playing
2026-10-09 17:07:22 [align] probe gen=B730E710 t=1861.5 media=1855.0 date=2026-10-09T21:07:16.742Z rate=1.00 status=playing
2026-10-09 17:07:23 [align] probe gen=B730E710 t=1862.5 media=1856.0 date=2026-10-09T21:07:17.742Z rate=1.00 status=playing
2026-10-09 17:07:24 [align] probe gen=B730E710 t=1863.5 media=1857.0 date=2026-10-09T21:07:18.742Z rate=1.00 status=playing
2026-10-09 17:07:25 [align] probe gen=B730E710 t=1864.5 media=1858.0 date=2026-10-09T21:07:19.742Z rate=1.00 status=playing
2026-10-09 17:07:26 [align] probe gen=B730E710 t=1865.5 media=1859.0 date=2026-10-09T21:07:20.742Z rate=1.00 status=playing
2026-10-09 17:07:27 [align] probe gen=B730E710 t=1866.5 media=1860.0 date=2026-10-09T21:07:21.741Z rate=1.00 status=playing
2026-10-09 17:07:28 [align] probe gen=B730E710 t=1867.5 media=1861.0 date=2026-10-09T21:07:22.741Z rate=1.00 status=playing
2026-10-09 17:07:28 [align] poll n=63 t=1867.5 ok entries=10 age=nil
2026-10-09 17:07:29 [align] probe gen=B730E710 t=1868.5 media=1862.0 date=2026-10-09T21:07:23.741Z rate=1.00 status=playing
2026-10-09 17:07:30 [align] probe gen=B730E710 t=1869.5 media=1863.0 date=2026-10-09T21:07:24.741Z rate=1.00 status=playing
2026-10-09 17:07:31 [align] probe gen=B730E710 t=1870.5 media=1864.0 date=2026-10-09T21:07:25.741Z rate=1.00 status=playing
2026-10-09 17:07:32 [align] probe gen=B730E710 t=1871.5 media=1865.0 date=2026-10-09T21:07:26.741Z rate=1.00 status=playing
2026-10-09 17:07:33 [align] probe gen=B730E710 t=1872.5 media=1866.0 date=2026-10-09T21:07:27.741Z rate=1.00 status=playing
2026-10-09 17:07:34 [align] probe gen=B730E710 t=1873.5 media=1867.0 date=2026-10-09T21:07:28.740Z rate=1.00 status=playing
2026-10-09 17:07:35 [align] probe gen=B730E710 t=1874.5 media=1868.0 date=2026-10-09T21:07:29.740Z rate=1.00 status=playing
2026-10-09 17:07:36 [align] probe gen=B730E710 t=1875.5 media=1869.0 date=2026-10-09T21:07:30.740Z rate=1.00 status=playing
2026-10-09 17:07:37 [align] probe gen=B730E710 t=1876.5 media=1870.0 date=2026-10-09T21:07:31.740Z rate=1.00 status=playing
2026-10-09 17:07:38 [align] probe gen=B730E710 t=1877.5 media=1871.0 date=2026-10-09T21:07:32.740Z rate=1.00 status=playing
2026-10-09 17:07:39 [align] probe gen=B730E710 t=1878.5 media=1872.0 date=2026-10-09T21:07:33.739Z rate=1.00 status=playing
2026-10-09 17:07:40 [align] probe gen=B730E710 t=1879.5 media=1873.0 date=2026-10-09T21:07:34.739Z rate=1.00 status=playing
2026-10-09 17:07:41 [align] probe gen=B730E710 t=1880.5 media=1874.0 date=2026-10-09T21:07:35.739Z rate=1.00 status=playing
2026-10-09 17:07:42 [align] probe gen=B730E710 t=1881.5 media=1875.0 date=2026-10-09T21:07:36.739Z rate=1.00 status=playing
2026-10-09 17:07:43 [align] probe gen=B730E710 t=1882.5 media=1876.0 date=2026-10-09T21:07:37.739Z rate=1.00 status=playing
2026-10-09 17:07:44 [align] probe gen=B730E710 t=1883.5 media=1877.0 date=2026-10-09T21:07:38.739Z rate=1.00 status=playing
2026-10-09 17:07:45 [align] probe gen=B730E710 t=1884.5 media=1878.0 date=2026-10-09T21:07:39.739Z rate=1.00 status=playing
2026-10-09 17:07:46 [align] probe gen=B730E710 t=1885.5 media=1879.0 date=2026-10-09T21:07:40.738Z rate=1.00 status=playing
2026-10-09 17:07:47 [align] probe gen=B730E710 t=1886.5 media=1880.0 date=2026-10-09T21:07:41.738Z rate=1.00 status=playing
2026-10-09 17:07:48 [align] probe gen=B730E710 t=1887.5 media=1881.0 date=2026-10-09T21:07:42.738Z rate=1.00 status=playing
2026-10-09 17:07:49 [align] probe gen=B730E710 t=1888.5 media=1882.0 date=2026-10-09T21:07:43.738Z rate=1.00 status=playing
2026-10-09 17:07:50 [align] probe gen=B730E710 t=1889.5 media=1883.0 date=2026-10-09T21:07:44.738Z rate=1.00 status=playing
2026-10-09 17:07:51 [align] probe gen=B730E710 t=1890.5 media=1884.0 date=2026-10-09T21:07:45.738Z rate=1.00 status=playing
2026-10-09 17:07:52 [align] probe gen=B730E710 t=1891.5 media=1885.0 date=2026-10-09T21:07:46.738Z rate=1.00 status=playing
2026-10-09 17:07:53 [align] probe gen=B730E710 t=1892.5 media=1886.0 date=2026-10-09T21:07:47.738Z rate=1.00 status=playing
2026-10-09 17:07:54 [align] probe gen=B730E710 t=1893.5 media=1887.0 date=2026-10-09T21:07:48.738Z rate=1.00 status=playing
2026-10-09 17:07:55 [align] probe gen=B730E710 t=1894.5 media=1888.0 date=2026-10-09T21:07:49.738Z rate=1.00 status=playing
2026-10-09 17:07:56 [align] probe gen=B730E710 t=1895.5 media=1889.0 date=2026-10-09T21:07:50.738Z rate=1.00 status=playing
2026-10-09 17:07:57 [align] probe gen=B730E710 t=1896.5 media=1890.0 date=2026-10-09T21:07:51.737Z rate=1.00 status=playing
2026-10-09 17:07:58 [align] probe gen=B730E710 t=1897.5 media=1891.0 date=2026-10-09T21:07:52.737Z rate=1.00 status=playing
2026-10-09 17:07:58 [align] poll n=64 t=1897.7 ok entries=10 age=30.0
2026-10-09 17:07:59 [align] probe gen=B730E710 t=1898.5 media=1892.0 date=2026-10-09T21:07:53.737Z rate=1.00 status=playing
2026-10-09 17:08:00 [align] probe gen=B730E710 t=1899.5 media=1893.0 date=2026-10-09T21:07:54.737Z rate=1.00 status=playing
2026-10-09 17:08:01 [align] probe gen=B730E710 t=1900.5 media=1894.0 date=2026-10-09T21:07:55.737Z rate=1.00 status=playing
2026-10-09 17:08:02 [align] probe gen=B730E710 t=1901.5 media=1895.0 date=2026-10-09T21:07:56.737Z rate=1.00 status=playing
2026-10-09 17:08:03 [align] probe gen=B730E710 t=1902.5 media=1896.0 date=2026-10-09T21:07:57.737Z rate=1.00 status=playing
2026-10-09 17:08:04 [align] probe gen=B730E710 t=1903.5 media=1897.0 date=2026-10-09T21:07:58.736Z rate=1.00 status=playing
2026-10-09 17:08:05 [align] probe gen=B730E710 t=1904.5 media=1898.0 date=2026-10-09T21:07:59.736Z rate=1.00 status=playing
2026-10-09 17:08:06 [align] probe gen=B730E710 t=1905.5 media=1899.0 date=2026-10-09T21:08:00.736Z rate=1.00 status=playing
2026-10-09 17:08:07 [align] probe gen=B730E710 t=1906.5 media=1900.0 date=2026-10-09T21:08:01.736Z rate=1.00 status=playing
2026-10-09 17:08:08 [align] probe gen=B730E710 t=1907.5 media=1901.0 date=2026-10-09T21:08:02.736Z rate=1.00 status=playing
2026-10-09 17:08:09 [align] probe gen=B730E710 t=1908.5 media=1902.0 date=2026-10-09T21:08:03.735Z rate=1.00 status=playing
2026-10-09 17:08:10 [align] probe gen=B730E710 t=1909.5 media=1903.0 date=2026-10-09T21:08:04.735Z rate=1.00 status=playing
2026-10-09 17:08:11 [align] probe gen=B730E710 t=1910.5 media=1904.0 date=2026-10-09T21:08:05.735Z rate=1.00 status=playing
2026-10-09 17:08:12 [align] probe gen=B730E710 t=1911.5 media=1905.0 date=2026-10-09T21:08:06.735Z rate=1.00 status=playing
2026-10-09 17:08:13 [align] probe gen=B730E710 t=1912.5 media=1906.0 date=2026-10-09T21:08:07.735Z rate=1.00 status=playing
2026-10-09 17:08:14 [align] probe gen=B730E710 t=1913.5 media=1907.0 date=2026-10-09T21:08:08.735Z rate=1.00 status=playing
2026-10-09 17:08:15 [align] probe gen=B730E710 t=1914.5 media=1908.0 date=2026-10-09T21:08:09.735Z rate=1.00 status=playing
2026-10-09 17:08:16 [align] probe gen=B730E710 t=1915.5 media=1909.0 date=2026-10-09T21:08:10.734Z rate=1.00 status=playing
2026-10-09 17:08:17 [align] probe gen=B730E710 t=1916.5 media=1910.0 date=2026-10-09T21:08:11.734Z rate=1.00 status=playing
2026-10-09 17:08:18 [align] probe gen=B730E710 t=1917.5 media=1911.0 date=2026-10-09T21:08:12.734Z rate=1.00 status=playing
2026-10-09 17:08:19 [align] probe gen=B730E710 t=1918.5 media=1912.0 date=2026-10-09T21:08:13.734Z rate=1.00 status=playing
2026-10-09 17:08:20 [align] probe gen=B730E710 t=1919.5 media=1913.0 date=2026-10-09T21:08:14.734Z rate=1.00 status=playing
2026-10-09 17:08:21 [align] probe gen=B730E710 t=1920.5 media=1914.0 date=2026-10-09T21:08:15.734Z rate=1.00 status=playing
2026-10-09 17:08:22 [align] probe gen=B730E710 t=1921.5 media=1915.0 date=2026-10-09T21:08:16.734Z rate=1.00 status=playing
2026-10-09 17:08:23 [align] probe gen=B730E710 t=1922.5 media=1916.0 date=2026-10-09T21:08:17.734Z rate=1.00 status=playing
2026-10-09 17:08:24 [align] probe gen=B730E710 t=1923.5 media=1917.0 date=2026-10-09T21:08:18.734Z rate=1.00 status=playing
2026-10-09 17:08:25 [align] probe gen=B730E710 t=1924.5 media=1918.0 date=2026-10-09T21:08:19.734Z rate=1.00 status=playing
2026-10-09 17:08:26 [align] probe gen=B730E710 t=1925.5 media=1919.0 date=2026-10-09T21:08:20.734Z rate=1.00 status=playing
2026-10-09 17:08:27 [align] probe gen=B730E710 t=1926.5 media=1920.0 date=2026-10-09T21:08:21.733Z rate=1.00 status=playing
2026-10-09 17:08:28 [align] probe gen=B730E710 t=1927.5 media=1921.0 date=2026-10-09T21:08:22.733Z rate=1.00 status=playing
2026-10-09 17:08:28 [align] poll n=65 t=1927.7 ok entries=10 age=nil
2026-10-09 17:08:29 [align] probe gen=B730E710 t=1928.5 media=1922.0 date=2026-10-09T21:08:23.733Z rate=1.00 status=playing
2026-10-09 17:08:30 [align] probe gen=B730E710 t=1929.5 media=1923.0 date=2026-10-09T21:08:24.733Z rate=1.00 status=playing
2026-10-09 17:08:31 [align] probe gen=B730E710 t=1930.5 media=1924.0 date=2026-10-09T21:08:25.733Z rate=1.00 status=playing
2026-10-09 17:08:32 [align] probe gen=B730E710 t=1931.5 media=1925.0 date=2026-10-09T21:08:26.733Z rate=1.00 status=playing
2026-10-09 17:08:33 [align] probe gen=B730E710 t=1932.5 media=1926.0 date=2026-10-09T21:08:27.733Z rate=1.00 status=playing
2026-10-09 17:08:34 [align] probe gen=B730E710 t=1933.5 media=1927.0 date=2026-10-09T21:08:28.732Z rate=1.00 status=playing
2026-10-09 17:08:35 [align] probe gen=B730E710 t=1934.5 media=1928.0 date=2026-10-09T21:08:29.732Z rate=1.00 status=playing
2026-10-09 17:08:36 [align] probe gen=B730E710 t=1935.5 media=1929.0 date=2026-10-09T21:08:30.732Z rate=1.00 status=playing
2026-10-09 17:08:37 [align] probe gen=B730E710 t=1936.5 media=1930.0 date=2026-10-09T21:08:31.732Z rate=1.00 status=playing
2026-10-09 17:08:38 [align] probe gen=B730E710 t=1937.5 media=1931.0 date=2026-10-09T21:08:32.732Z rate=1.00 status=playing
2026-10-09 17:08:39 [align] probe gen=B730E710 t=1938.5 media=1932.0 date=2026-10-09T21:08:33.731Z rate=1.00 status=playing
2026-10-09 17:08:40 [align] probe gen=B730E710 t=1939.5 media=1933.0 date=2026-10-09T21:08:34.731Z rate=1.00 status=playing
2026-10-09 17:08:41 [align] probe gen=B730E710 t=1940.5 media=1934.0 date=2026-10-09T21:08:35.731Z rate=1.00 status=playing
2026-10-09 17:08:42 [align] probe gen=B730E710 t=1941.5 media=1935.0 date=2026-10-09T21:08:36.731Z rate=1.00 status=playing
2026-10-09 17:08:43 [align] probe gen=B730E710 t=1942.5 media=1936.0 date=2026-10-09T21:08:37.731Z rate=1.00 status=playing
2026-10-09 17:08:44 [align] probe gen=B730E710 t=1943.5 media=1937.0 date=2026-10-09T21:08:38.731Z rate=1.00 status=playing
2026-10-09 17:08:45 [align] probe gen=B730E710 t=1944.5 media=1938.0 date=2026-10-09T21:08:39.731Z rate=1.00 status=playing
2026-10-09 17:08:46 [align] probe gen=B730E710 t=1945.5 media=1939.0 date=2026-10-09T21:08:40.730Z rate=1.00 status=playing
2026-10-09 17:08:47 [align] probe gen=B730E710 t=1946.5 media=1940.0 date=2026-10-09T21:08:41.730Z rate=1.00 status=playing
2026-10-09 17:08:48 [align] probe gen=B730E710 t=1947.5 media=1941.0 date=2026-10-09T21:08:42.730Z rate=1.00 status=playing
2026-10-09 17:08:49 [align] probe gen=B730E710 t=1948.5 media=1942.0 date=2026-10-09T21:08:43.730Z rate=1.00 status=playing
2026-10-09 17:08:50 [align] probe gen=B730E710 t=1949.5 media=1943.0 date=2026-10-09T21:08:44.730Z rate=1.00 status=playing
2026-10-09 17:08:51 [align] probe gen=B730E710 t=1950.5 media=1944.0 date=2026-10-09T21:08:45.729Z rate=1.00 status=playing
2026-10-09 17:08:52 [align] probe gen=B730E710 t=1951.5 media=1945.0 date=2026-10-09T21:08:46.729Z rate=1.00 status=playing
2026-10-09 17:08:53 [align] probe gen=B730E710 t=1952.5 media=1946.0 date=2026-10-09T21:08:47.729Z rate=1.00 status=playing
2026-10-09 17:08:54 [align] probe gen=B730E710 t=1953.5 media=1947.0 date=2026-10-09T21:08:48.729Z rate=1.00 status=playing
2026-10-09 17:08:55 [align] probe gen=B730E710 t=1954.5 media=1948.0 date=2026-10-09T21:08:49.729Z rate=1.00 status=playing
2026-10-09 17:08:56 [align] probe gen=B730E710 t=1955.5 media=1949.0 date=2026-10-09T21:08:50.729Z rate=1.00 status=playing
2026-10-09 17:08:57 [align] probe gen=B730E710 t=1956.5 media=1950.0 date=2026-10-09T21:08:51.729Z rate=1.00 status=playing
2026-10-09 17:08:58 [align] probe gen=B730E710 t=1957.5 media=1951.0 date=2026-10-09T21:08:52.729Z rate=1.00 status=playing
2026-10-09 17:08:58 [align] poll n=66 t=1957.8 ok entries=10 age=30.0
2026-10-09 17:08:59 [align] probe gen=B730E710 t=1958.5 media=1952.0 date=2026-10-09T21:08:53.729Z rate=1.00 status=playing
2026-10-09 17:09:00 [align] probe gen=B730E710 t=1959.5 media=1953.0 date=2026-10-09T21:08:54.729Z rate=1.00 status=playing
2026-10-09 17:09:01 [align] probe gen=B730E710 t=1960.5 media=1954.0 date=2026-10-09T21:08:55.729Z rate=1.00 status=playing
2026-10-09 17:09:02 [align] probe gen=B730E710 t=1961.5 media=1955.0 date=2026-10-09T21:08:56.729Z rate=1.00 status=playing
2026-10-09 17:09:03 [align] probe gen=B730E710 t=1962.5 media=1956.0 date=2026-10-09T21:08:57.729Z rate=1.00 status=playing
2026-10-09 17:09:04 [align] probe gen=B730E710 t=1963.5 media=1957.0 date=2026-10-09T21:08:58.728Z rate=1.00 status=playing
2026-10-09 17:09:05 [align] probe gen=B730E710 t=1964.5 media=1958.0 date=2026-10-09T21:08:59.728Z rate=1.00 status=playing
2026-10-09 17:09:06 [align] probe gen=B730E710 t=1965.5 media=1959.0 date=2026-10-09T21:09:00.728Z rate=1.00 status=playing
2026-10-09 17:09:07 [align] probe gen=B730E710 t=1966.5 media=1960.0 date=2026-10-09T21:09:01.728Z rate=1.00 status=playing
2026-10-09 17:09:08 [align] probe gen=B730E710 t=1967.5 media=1961.0 date=2026-10-09T21:09:02.728Z rate=1.00 status=playing
2026-10-09 17:09:09 [align] probe gen=B730E710 t=1968.5 media=1962.0 date=2026-10-09T21:09:03.727Z rate=1.00 status=playing
2026-10-09 17:09:10 [align] probe gen=B730E710 t=1969.5 media=1963.0 date=2026-10-09T21:09:04.727Z rate=1.00 status=playing
2026-10-09 17:09:11 [align] probe gen=B730E710 t=1970.5 media=1964.0 date=2026-10-09T21:09:05.727Z rate=1.00 status=playing
2026-10-09 17:09:12 [align] probe gen=B730E710 t=1971.5 media=1965.0 date=2026-10-09T21:09:06.727Z rate=1.00 status=playing
2026-10-09 17:09:13 [align] probe gen=B730E710 t=1972.5 media=1966.0 date=2026-10-09T21:09:07.727Z rate=1.00 status=playing
2026-10-09 17:09:14 [align] probe gen=B730E710 t=1973.5 media=1967.0 date=2026-10-09T21:09:08.727Z rate=1.00 status=playing
2026-10-09 17:09:15 [align] probe gen=B730E710 t=1974.5 media=1968.0 date=2026-10-09T21:09:09.727Z rate=1.00 status=playing
2026-10-09 17:09:16 [align] probe gen=B730E710 t=1975.5 media=1969.0 date=2026-10-09T21:09:10.726Z rate=1.00 status=playing
2026-10-09 17:09:17 [align] probe gen=B730E710 t=1976.5 media=1970.0 date=2026-10-09T21:09:11.726Z rate=1.00 status=playing
2026-10-09 17:09:18 [align] probe gen=B730E710 t=1977.5 media=1971.0 date=2026-10-09T21:09:12.726Z rate=1.00 status=playing
2026-10-09 17:09:19 [align] probe gen=B730E710 t=1978.5 media=1972.0 date=2026-10-09T21:09:13.726Z rate=1.00 status=playing
2026-10-09 17:09:20 [align] probe gen=B730E710 t=1979.5 media=1973.0 date=2026-10-09T21:09:14.726Z rate=1.00 status=playing
2026-10-09 17:09:21 [align] probe gen=B730E710 t=1980.5 media=1974.0 date=2026-10-09T21:09:15.725Z rate=1.00 status=playing
2026-10-09 17:09:22 [align] probe gen=B730E710 t=1981.5 media=1975.0 date=2026-10-09T21:09:16.725Z rate=1.00 status=playing
2026-10-09 17:09:23 [align] probe gen=B730E710 t=1982.5 media=1976.0 date=2026-10-09T21:09:17.725Z rate=1.00 status=playing
2026-10-09 17:09:24 [align] probe gen=B730E710 t=1983.5 media=1977.0 date=2026-10-09T21:09:18.725Z rate=1.00 status=playing
2026-10-09 17:09:25 [align] probe gen=B730E710 t=1984.5 media=1978.0 date=2026-10-09T21:09:19.725Z rate=1.00 status=playing
2026-10-09 17:09:26 [align] probe gen=B730E710 t=1985.5 media=1979.0 date=2026-10-09T21:09:20.725Z rate=1.00 status=playing
2026-10-09 17:09:27 [align] probe gen=B730E710 t=1986.5 media=1980.0 date=2026-10-09T21:09:21.724Z rate=1.00 status=playing
2026-10-09 17:09:28 [align] probe gen=B730E710 t=1987.5 media=1981.0 date=2026-10-09T21:09:22.724Z rate=1.00 status=playing
2026-10-09 17:09:29 [align] poll n=67 t=1988.1 ok entries=10 age=nil
2026-10-09 17:09:29 [align] probe gen=B730E710 t=1988.5 media=1982.0 date=2026-10-09T21:09:23.724Z rate=1.00 status=playing
2026-10-09 17:09:30 [align] probe gen=B730E710 t=1989.5 media=1983.0 date=2026-10-09T21:09:24.724Z rate=1.00 status=playing
2026-10-09 17:09:31 [align] probe gen=B730E710 t=1990.5 media=1984.0 date=2026-10-09T21:09:25.724Z rate=1.00 status=playing
2026-10-09 17:09:32 [align] probe gen=B730E710 t=1991.5 media=1985.0 date=2026-10-09T21:09:26.724Z rate=1.00 status=playing
2026-10-09 17:09:33 [align] probe gen=B730E710 t=1992.5 media=1986.0 date=2026-10-09T21:09:27.724Z rate=1.00 status=playing
2026-10-09 17:09:34 [align] probe gen=B730E710 t=1993.5 media=1987.0 date=2026-10-09T21:09:28.723Z rate=1.00 status=playing
2026-10-09 17:09:35 [align] probe gen=B730E710 t=1994.5 media=1988.0 date=2026-10-09T21:09:29.724Z rate=1.00 status=playing
2026-10-09 17:09:36 [align] probe gen=B730E710 t=1995.5 media=1989.0 date=2026-10-09T21:09:30.723Z rate=1.00 status=playing
2026-10-09 17:09:37 [align] probe gen=B730E710 t=1996.5 media=1990.0 date=2026-10-09T21:09:31.724Z rate=1.00 status=playing
2026-10-09 17:09:38 [align] probe gen=B730E710 t=1997.5 media=1991.0 date=2026-10-09T21:09:32.723Z rate=1.00 status=playing
2026-10-09 17:09:39 [align] probe gen=B730E710 t=1998.5 media=1992.0 date=2026-10-09T21:09:33.723Z rate=1.00 status=playing
2026-10-09 17:09:40 [align] probe gen=B730E710 t=1999.5 media=1993.0 date=2026-10-09T21:09:34.723Z rate=1.00 status=playing
2026-10-09 17:09:41 [align] probe gen=B730E710 t=2000.5 media=1994.0 date=2026-10-09T21:09:35.723Z rate=1.00 status=playing
2026-10-09 17:09:42 [align] probe gen=B730E710 t=2001.5 media=1995.0 date=2026-10-09T21:09:36.723Z rate=1.00 status=playing
2026-10-09 17:09:43 [align] probe gen=B730E710 t=2002.5 media=1996.0 date=2026-10-09T21:09:37.723Z rate=1.00 status=playing
2026-10-09 17:09:44 [align] probe gen=B730E710 t=2003.5 media=1997.0 date=2026-10-09T21:09:38.723Z rate=1.00 status=playing
2026-10-09 17:09:45 [align] probe gen=B730E710 t=2004.5 media=1998.0 date=2026-10-09T21:09:39.723Z rate=1.00 status=playing
2026-10-09 17:09:46 [align] probe gen=B730E710 t=2005.5 media=1999.0 date=2026-10-09T21:09:40.722Z rate=1.00 status=playing
2026-10-09 17:09:47 [align] probe gen=B730E710 t=2006.5 media=2000.0 date=2026-10-09T21:09:41.722Z rate=1.00 status=playing
2026-10-09 17:09:48 [align] probe gen=B730E710 t=2007.5 media=2001.0 date=2026-10-09T21:09:42.722Z rate=1.00 status=playing
2026-10-09 17:09:49 [align] probe gen=B730E710 t=2008.5 media=2002.0 date=2026-10-09T21:09:43.722Z rate=1.00 status=playing
2026-10-09 17:09:50 [align] probe gen=B730E710 t=2009.5 media=2003.0 date=2026-10-09T21:09:44.722Z rate=1.00 status=playing
2026-10-09 17:09:51 [align] probe gen=B730E710 t=2010.5 media=2004.0 date=2026-10-09T21:09:45.721Z rate=1.00 status=playing
2026-10-09 17:09:52 [align] probe gen=B730E710 t=2011.5 media=2005.0 date=2026-10-09T21:09:46.721Z rate=1.00 status=playing
2026-10-09 17:09:53 [align] probe gen=B730E710 t=2012.5 media=2006.0 date=2026-10-09T21:09:47.721Z rate=1.00 status=playing
2026-10-09 17:09:54 [align] probe gen=B730E710 t=2013.5 media=2007.0 date=2026-10-09T21:09:48.721Z rate=1.00 status=playing
2026-10-09 17:09:55 [align] probe gen=B730E710 t=2014.5 media=2008.0 date=2026-10-09T21:09:49.721Z rate=1.00 status=playing
2026-10-09 17:09:56 [align] probe gen=B730E710 t=2015.5 media=2009.0 date=2026-10-09T21:09:50.721Z rate=1.00 status=playing
2026-10-09 17:09:57 [align] probe gen=B730E710 t=2016.5 media=2010.0 date=2026-10-09T21:09:51.720Z rate=1.00 status=playing
2026-10-09 17:09:58 [align] probe gen=B730E710 t=2017.5 media=2011.0 date=2026-10-09T21:09:52.720Z rate=1.00 status=playing
2026-10-09 17:09:59 [align] poll n=68 t=2018.1 ok entries=10 age=30.0
2026-10-09 17:09:59 [align] probe gen=B730E710 t=2018.5 media=2012.0 date=2026-10-09T21:09:53.720Z rate=1.00 status=playing
2026-10-09 17:10:00 [align] probe gen=B730E710 t=2019.5 media=2013.0 date=2026-10-09T21:09:54.720Z rate=1.00 status=playing
2026-10-09 17:10:01 [align] probe gen=B730E710 t=2020.5 media=2014.0 date=2026-10-09T21:09:55.720Z rate=1.00 status=playing
2026-10-09 17:10:02 [align] probe gen=B730E710 t=2021.5 media=2015.0 date=2026-10-09T21:09:56.720Z rate=1.00 status=playing
2026-10-09 17:10:03 [align] probe gen=B730E710 t=2022.5 media=2016.0 date=2026-10-09T21:09:57.720Z rate=1.00 status=playing
2026-10-09 17:10:04 [align] probe gen=B730E710 t=2023.5 media=2017.0 date=2026-10-09T21:09:58.719Z rate=1.00 status=playing
2026-10-09 17:10:05 [align] probe gen=B730E710 t=2024.5 media=2018.0 date=2026-10-09T21:09:59.719Z rate=1.00 status=playing
2026-10-09 17:10:06 [align] probe gen=B730E710 t=2025.5 media=2019.0 date=2026-10-09T21:10:00.719Z rate=1.00 status=playing
2026-10-09 17:10:07 [align] probe gen=B730E710 t=2026.5 media=2020.0 date=2026-10-09T21:10:01.719Z rate=1.00 status=playing
2026-10-09 17:10:08 [align] probe gen=B730E710 t=2027.5 media=2021.0 date=2026-10-09T21:10:02.719Z rate=1.00 status=playing
2026-10-09 17:10:09 [align] probe gen=B730E710 t=2028.5 media=2022.0 date=2026-10-09T21:10:03.719Z rate=1.00 status=playing
2026-10-09 17:10:10 [align] probe gen=B730E710 t=2029.5 media=2023.0 date=2026-10-09T21:10:04.719Z rate=1.00 status=playing
2026-10-09 17:10:11 [align] probe gen=B730E710 t=2030.5 media=2024.0 date=2026-10-09T21:10:05.719Z rate=1.00 status=playing
2026-10-09 17:10:12 [align] probe gen=B730E710 t=2031.5 media=2025.0 date=2026-10-09T21:10:06.719Z rate=1.00 status=playing
2026-10-09 17:10:13 [align] probe gen=B730E710 t=2032.5 media=2026.0 date=2026-10-09T21:10:07.719Z rate=1.00 status=playing
2026-10-09 17:10:14 [align] probe gen=B730E710 t=2033.5 media=2027.0 date=2026-10-09T21:10:08.719Z rate=1.00 status=playing
2026-10-09 17:10:15 [align] probe gen=B730E710 t=2034.5 media=2028.0 date=2026-10-09T21:10:09.719Z rate=1.00 status=playing
2026-10-09 17:10:16 [align] probe gen=B730E710 t=2035.5 media=2029.0 date=2026-10-09T21:10:10.718Z rate=1.00 status=playing
2026-10-09 17:10:17 [align] probe gen=B730E710 t=2036.5 media=2030.0 date=2026-10-09T21:10:11.718Z rate=1.00 status=playing
2026-10-09 17:10:18 [align] probe gen=B730E710 t=2037.5 media=2031.0 date=2026-10-09T21:10:12.718Z rate=1.00 status=playing
2026-10-09 17:10:19 [align] probe gen=B730E710 t=2038.5 media=2032.0 date=2026-10-09T21:10:13.718Z rate=1.00 status=playing
2026-10-09 17:10:20 [align] probe gen=B730E710 t=2039.5 media=2033.0 date=2026-10-09T21:10:14.718Z rate=1.00 status=playing
2026-10-09 17:10:21 [align] probe gen=B730E710 t=2040.5 media=2034.0 date=2026-10-09T21:10:15.717Z rate=1.00 status=playing
2026-10-09 17:10:22 [align] probe gen=B730E710 t=2041.5 media=2035.0 date=2026-10-09T21:10:16.717Z rate=1.00 status=playing
2026-10-09 17:10:23 [align] probe gen=B730E710 t=2042.5 media=2036.0 date=2026-10-09T21:10:17.717Z rate=1.00 status=playing
2026-10-09 17:10:24 [align] probe gen=B730E710 t=2043.5 media=2037.0 date=2026-10-09T21:10:18.717Z rate=1.00 status=playing
2026-10-09 17:10:25 [align] probe gen=B730E710 t=2044.5 media=2038.0 date=2026-10-09T21:10:19.717Z rate=1.00 status=playing
2026-10-09 17:10:26 [align] probe gen=B730E710 t=2045.5 media=2039.0 date=2026-10-09T21:10:20.717Z rate=1.00 status=playing
2026-10-09 17:10:27 [align] probe gen=B730E710 t=2046.5 media=2040.0 date=2026-10-09T21:10:21.716Z rate=1.00 status=playing
2026-10-09 17:10:28 [align] probe gen=B730E710 t=2047.5 media=2041.0 date=2026-10-09T21:10:22.716Z rate=1.00 status=playing
2026-10-09 17:10:29 [align] poll n=69 t=2048.2 ok entries=10 age=nil
2026-10-09 17:10:29 [align] probe gen=B730E710 t=2048.5 media=2042.0 date=2026-10-09T21:10:23.716Z rate=1.00 status=playing
2026-10-09 17:10:30 [align] probe gen=B730E710 t=2049.5 media=2043.0 date=2026-10-09T21:10:24.716Z rate=1.00 status=playing
2026-10-09 17:10:31 [align] probe gen=B730E710 t=2050.5 media=2044.0 date=2026-10-09T21:10:25.716Z rate=1.00 status=playing
2026-10-09 17:10:32 [align] probe gen=B730E710 t=2051.5 media=2045.0 date=2026-10-09T21:10:26.716Z rate=1.00 status=playing
2026-10-09 17:10:33 [align] probe gen=B730E710 t=2052.5 media=2046.0 date=2026-10-09T21:10:27.716Z rate=1.00 status=playing
2026-10-09 17:10:34 [align] probe gen=B730E710 t=2053.5 media=2047.0 date=2026-10-09T21:10:28.715Z rate=1.00 status=playing
2026-10-09 17:10:35 [align] probe gen=B730E710 t=2054.5 media=2048.0 date=2026-10-09T21:10:29.715Z rate=1.00 status=playing
2026-10-09 17:10:36 [align] probe gen=B730E710 t=2055.5 media=2049.0 date=2026-10-09T21:10:30.715Z rate=1.00 status=playing
2026-10-09 17:10:37 [align] probe gen=B730E710 t=2056.5 media=2050.0 date=2026-10-09T21:10:31.715Z rate=1.00 status=playing
2026-10-09 17:10:38 [align] probe gen=B730E710 t=2057.5 media=2051.0 date=2026-10-09T21:10:32.715Z rate=1.00 status=playing
2026-10-09 17:10:39 [align] probe gen=B730E710 t=2058.5 media=2052.0 date=2026-10-09T21:10:33.714Z rate=1.00 status=playing
2026-10-09 17:10:40 [align] probe gen=B730E710 t=2059.5 media=2053.0 date=2026-10-09T21:10:34.714Z rate=1.00 status=playing
2026-10-09 17:10:41 [align] probe gen=B730E710 t=2060.5 media=2054.0 date=2026-10-09T21:10:35.714Z rate=1.00 status=playing
2026-10-09 17:10:42 [align] probe gen=B730E710 t=2061.5 media=2055.0 date=2026-10-09T21:10:36.714Z rate=1.00 status=playing
2026-10-09 17:10:43 [align] probe gen=B730E710 t=2062.5 media=2056.0 date=2026-10-09T21:10:37.714Z rate=1.00 status=playing
2026-10-09 17:10:44 [align] probe gen=B730E710 t=2063.5 media=2057.0 date=2026-10-09T21:10:38.714Z rate=1.00 status=playing
2026-10-09 17:10:44 [align] decision t=2063.5 candidate="Crazy (E.N. Young Dub) — Beach Fly" songSec=0.0 reason=estimated +160s; not verified audible
2026-10-09 17:10:45 [align] probe gen=B730E710 t=2064.5 media=2058.0 date=2026-10-09T21:10:39.714Z rate=1.00 status=playing
2026-10-09 17:10:46 [align] probe gen=B730E710 t=2065.5 media=2059.0 date=2026-10-09T21:10:40.713Z rate=1.00 status=playing
2026-10-09 17:10:47 [align] probe gen=B730E710 t=2066.5 media=2060.0 date=2026-10-09T21:10:41.713Z rate=1.00 status=playing
2026-10-09 17:10:48 [align] probe gen=B730E710 t=2067.5 media=2061.0 date=2026-10-09T21:10:42.713Z rate=1.00 status=playing
2026-10-09 17:10:49 [align] probe gen=B730E710 t=2068.5 media=2062.0 date=2026-10-09T21:10:43.713Z rate=1.00 status=playing
2026-10-09 17:10:50 [align] probe gen=B730E710 t=2069.5 media=2063.0 date=2026-10-09T21:10:44.713Z rate=1.00 status=playing
2026-10-09 17:10:51 [align] probe gen=B730E710 t=2070.5 media=2064.0 date=2026-10-09T21:10:45.713Z rate=1.00 status=playing
2026-10-09 17:10:52 [align] probe gen=B730E710 t=2071.5 media=2065.0 date=2026-10-09T21:10:46.713Z rate=1.00 status=playing
2026-10-09 17:10:53 [align] probe gen=B730E710 t=2072.5 media=2066.0 date=2026-10-09T21:10:47.713Z rate=1.00 status=playing
2026-10-09 17:10:54 [align] probe gen=B730E710 t=2073.5 media=2067.0 date=2026-10-09T21:10:48.713Z rate=1.00 status=playing
2026-10-09 17:10:55 [align] probe gen=B730E710 t=2074.5 media=2068.0 date=2026-10-09T21:10:49.713Z rate=1.00 status=playing
2026-10-09 17:10:56 [align] probe gen=B730E710 t=2075.5 media=2069.0 date=2026-10-09T21:10:50.713Z rate=1.00 status=playing
2026-10-09 17:10:57 [align] probe gen=B730E710 t=2076.5 media=2070.0 date=2026-10-09T21:10:51.712Z rate=1.00 status=playing
2026-10-09 17:10:58 [align] probe gen=B730E710 t=2077.5 media=2071.0 date=2026-10-09T21:10:52.712Z rate=1.00 status=playing
2026-10-09 17:10:59 [align] poll n=70 t=2078.3 ok entries=10 age=30.0
2026-10-09 17:10:59 [align] probe gen=B730E710 t=2078.5 media=2072.0 date=2026-10-09T21:10:53.712Z rate=1.00 status=playing
2026-10-09 17:11:00 [align] probe gen=B730E710 t=2079.5 media=2073.0 date=2026-10-09T21:10:54.712Z rate=1.00 status=playing
2026-10-09 17:11:01 [align] probe gen=B730E710 t=2080.5 media=2074.0 date=2026-10-09T21:10:55.712Z rate=1.00 status=playing
2026-10-09 17:11:02 [align] probe gen=B730E710 t=2081.5 media=2075.0 date=2026-10-09T21:10:56.712Z rate=1.00 status=playing
2026-10-09 17:11:03 [align] probe gen=B730E710 t=2082.5 media=2076.0 date=2026-10-09T21:10:57.712Z rate=1.00 status=playing
2026-10-09 17:11:04 [align] probe gen=B730E710 t=2083.5 media=2077.0 date=2026-10-09T21:10:58.711Z rate=1.00 status=playing
2026-10-09 17:11:05 [align] probe gen=B730E710 t=2084.5 media=2078.0 date=2026-10-09T21:10:59.711Z rate=1.00 status=playing
2026-10-09 17:11:06 [align] probe gen=B730E710 t=2085.5 media=2079.0 date=2026-10-09T21:11:00.711Z rate=1.00 status=playing
2026-10-09 17:11:07 [align] probe gen=B730E710 t=2086.5 media=2080.0 date=2026-10-09T21:11:01.711Z rate=1.00 status=playing
2026-10-09 17:11:08 [align] probe gen=B730E710 t=2087.5 media=2081.0 date=2026-10-09T21:11:02.711Z rate=1.00 status=playing
2026-10-09 17:11:09 [align] probe gen=B730E710 t=2088.5 media=2082.0 date=2026-10-09T21:11:03.710Z rate=1.00 status=playing
2026-10-09 17:11:10 [align] probe gen=B730E710 t=2089.5 media=2083.0 date=2026-10-09T21:11:04.710Z rate=1.00 status=playing
2026-10-09 17:11:11 [align] probe gen=B730E710 t=2090.5 media=2084.0 date=2026-10-09T21:11:05.710Z rate=1.00 status=playing
2026-10-09 17:11:12 [align] probe gen=B730E710 t=2091.5 media=2085.0 date=2026-10-09T21:11:06.710Z rate=1.00 status=playing
2026-10-09 17:11:13 [align] probe gen=B730E710 t=2092.5 media=2086.0 date=2026-10-09T21:11:07.710Z rate=1.00 status=playing
2026-10-09 17:11:14 [align] probe gen=B730E710 t=2093.5 media=2087.0 date=2026-10-09T21:11:08.710Z rate=1.00 status=playing
2026-10-09 17:11:15 [align] probe gen=B730E710 t=2094.5 media=2088.0 date=2026-10-09T21:11:09.710Z rate=1.00 status=playing
2026-10-09 17:11:16 [align] probe gen=B730E710 t=2095.5 media=2089.0 date=2026-10-09T21:11:10.709Z rate=1.00 status=playing
2026-10-09 17:11:17 [align] probe gen=B730E710 t=2096.5 media=2090.0 date=2026-10-09T21:11:11.709Z rate=1.00 status=playing
2026-10-09 17:11:18 [align] probe gen=B730E710 t=2097.5 media=2091.0 date=2026-10-09T21:11:12.709Z rate=1.00 status=playing
2026-10-09 17:11:19 [align] probe gen=B730E710 t=2098.5 media=2092.0 date=2026-10-09T21:11:13.709Z rate=1.00 status=playing
2026-10-09 17:11:20 [align] probe gen=B730E710 t=2099.5 media=2093.0 date=2026-10-09T21:11:14.709Z rate=1.00 status=playing
2026-10-09 17:11:21 [align] probe gen=B730E710 t=2100.5 media=2094.0 date=2026-10-09T21:11:15.708Z rate=1.00 status=playing
2026-10-09 17:11:21 [align] summary samples=2098 polls=70 pollFailures=0 firstClock=6.4 sampleGapMax=1.1 pollGapMax=30.4 tailSampleGap=0.0 tailPollGap=22.1 rate=1.00-1.00
2026-10-09 17:11:21 [align] summary clockInvalid=none
2026-10-09 17:11:21 [align] summary window start=0 media=293.0 elapsed=293.1 ratio=1.000
2026-10-09 17:11:21 [align] summary window start=300 media=299.0 elapsed=299.0 ratio=1.000
2026-10-09 17:11:21 [align] summary window start=600 media=299.0 elapsed=299.0 ratio=1.000
2026-10-09 17:11:21 [align] summary window start=900 media=299.0 elapsed=299.0 ratio=1.000
2026-10-09 17:11:21 [align] summary window start=1200 media=299.0 elapsed=299.0 ratio=1.000
2026-10-09 17:11:21 [align] summary window start=1500 media=299.0 elapsed=299.0 ratio=1.000
2026-10-09 17:11:21 [align] summary window start=1800 media=299.0 elapsed=299.0 ratio=1.000
2026-10-09 17:11:21 [align] verdict passed=true failures=0 kind=checkpoint
2026-10-09 17:11:22 [align] probe gen=B730E710 t=2101.5 media=2095.0 date=2026-10-09T21:11:16.708Z rate=1.00 status=playing
2026-10-09 17:11:23 [align] probe gen=B730E710 t=2102.5 media=2096.0 date=2026-10-09T21:11:17.708Z rate=1.00 status=playing
2026-10-09 17:11:24 [align] probe gen=B730E710 t=2103.5 media=2097.0 date=2026-10-09T21:11:18.708Z rate=1.00 status=playing
2026-10-09 17:11:25 [align] probe gen=B730E710 t=2104.5 media=2098.0 date=2026-10-09T21:11:19.708Z rate=1.00 status=playing
2026-10-09 17:11:26 [align] probe gen=B730E710 t=2105.5 media=2099.0 date=2026-10-09T21:11:20.708Z rate=1.00 status=playing
2026-10-09 17:11:27 [align] probe gen=B730E710 t=2106.5 media=2100.0 date=2026-10-09T21:11:21.708Z rate=1.00 status=playing
2026-10-09 17:11:28 [align] probe gen=B730E710 t=2107.5 media=2101.0 date=2026-10-09T21:11:22.708Z rate=1.00 status=playing
2026-10-09 17:11:29 [align] probe gen=B730E710 t=2108.5 media=2102.0 date=2026-10-09T21:11:23.708Z rate=1.00 status=playing
2026-10-09 17:11:29 [align] poll n=71 t=2108.5 ok entries=10 age=nil
2026-10-09 17:11:30 [align] probe gen=B730E710 t=2109.5 media=2103.0 date=2026-10-09T21:11:24.708Z rate=1.00 status=playing
2026-10-09 17:11:31 [align] probe gen=B730E710 t=2110.5 media=2104.0 date=2026-10-09T21:11:25.708Z rate=1.00 status=playing
2026-10-09 17:11:32 [align] probe gen=B730E710 t=2111.5 media=2105.0 date=2026-10-09T21:11:26.708Z rate=1.00 status=playing
2026-10-09 17:11:33 [align] probe gen=B730E710 t=2112.5 media=2106.0 date=2026-10-09T21:11:27.708Z rate=1.00 status=playing
2026-10-09 17:11:34 [align] probe gen=B730E710 t=2113.5 media=2107.0 date=2026-10-09T21:11:28.707Z rate=1.00 status=playing
2026-10-09 17:11:35 [align] probe gen=B730E710 t=2114.5 media=2108.0 date=2026-10-09T21:11:29.707Z rate=1.00 status=playing
2026-10-09 17:11:36 [align] probe gen=B730E710 t=2115.5 media=2109.0 date=2026-10-09T21:11:30.707Z rate=1.00 status=playing
2026-10-09 17:11:37 [align] probe gen=B730E710 t=2116.5 media=2110.0 date=2026-10-09T21:11:31.707Z rate=1.00 status=playing
2026-10-09 17:11:38 [align] probe gen=B730E710 t=2117.5 media=2111.0 date=2026-10-09T21:11:32.707Z rate=1.00 status=playing
2026-10-09 17:11:39 [align] probe gen=B730E710 t=2118.5 media=2112.0 date=2026-10-09T21:11:33.706Z rate=1.00 status=playing
2026-10-09 17:11:40 [align] probe gen=B730E710 t=2119.5 media=2113.0 date=2026-10-09T21:11:34.706Z rate=1.00 status=playing
2026-10-09 17:11:41 [align] probe gen=B730E710 t=2120.5 media=2114.0 date=2026-10-09T21:11:35.706Z rate=1.00 status=playing
2026-10-09 17:11:42 [align] probe gen=B730E710 t=2121.5 media=2115.0 date=2026-10-09T21:11:36.706Z rate=1.00 status=playing
2026-10-09 17:11:43 [align] probe gen=B730E710 t=2122.5 media=2116.0 date=2026-10-09T21:11:37.706Z rate=1.00 status=playing
2026-10-09 17:11:44 [align] probe gen=B730E710 t=2123.5 media=2117.0 date=2026-10-09T21:11:38.706Z rate=1.00 status=playing
2026-10-09 17:11:45 [align] probe gen=B730E710 t=2124.5 media=2118.0 date=2026-10-09T21:11:39.706Z rate=1.00 status=playing
2026-10-09 17:11:46 [align] probe gen=B730E710 t=2125.5 media=2119.0 date=2026-10-09T21:11:40.705Z rate=1.00 status=playing
2026-10-09 17:11:47 [align] probe gen=B730E710 t=2126.5 media=2120.0 date=2026-10-09T21:11:41.705Z rate=1.00 status=playing
2026-10-09 17:11:48 [align] probe gen=B730E710 t=2127.5 media=2121.0 date=2026-10-09T21:11:42.705Z rate=1.00 status=playing
2026-10-09 17:11:49 [align] probe gen=B730E710 t=2128.5 media=2122.0 date=2026-10-09T21:11:43.705Z rate=1.00 status=playing
2026-10-09 17:11:50 [align] probe gen=B730E710 t=2129.5 media=2123.0 date=2026-10-09T21:11:44.705Z rate=1.00 status=playing
2026-10-09 17:11:51 [align] probe gen=B730E710 t=2130.5 media=2124.0 date=2026-10-09T21:11:45.704Z rate=1.00 status=playing
2026-10-09 17:11:52 [align] probe gen=B730E710 t=2131.5 media=2125.0 date=2026-10-09T21:11:46.704Z rate=1.00 status=playing
2026-10-09 17:11:53 [align] probe gen=B730E710 t=2132.5 media=2126.0 date=2026-10-09T21:11:47.704Z rate=1.00 status=playing
2026-10-09 17:11:54 [align] probe gen=B730E710 t=2133.5 media=2127.0 date=2026-10-09T21:11:48.704Z rate=1.00 status=playing
2026-10-09 17:11:55 [align] probe gen=B730E710 t=2134.5 media=2128.0 date=2026-10-09T21:11:49.704Z rate=1.00 status=playing
2026-10-09 17:11:56 [align] probe gen=B730E710 t=2135.5 media=2129.0 date=2026-10-09T21:11:50.704Z rate=1.00 status=playing
2026-10-09 17:11:57 [align] probe gen=B730E710 t=2136.5 media=2130.0 date=2026-10-09T21:11:51.704Z rate=1.00 status=playing
2026-10-09 17:11:58 [align] probe gen=B730E710 t=2137.5 media=2131.0 date=2026-10-09T21:11:52.704Z rate=1.00 status=playing
2026-10-09 17:11:59 [align] probe gen=B730E710 t=2138.5 media=2132.0 date=2026-10-09T21:11:53.703Z rate=1.00 status=playing
2026-10-09 17:11:59 [align] poll n=72 t=2138.5 ok entries=10 age=30.0
2026-10-09 17:12:00 [align] probe gen=B730E710 t=2139.5 media=2133.0 date=2026-10-09T21:11:54.704Z rate=1.00 status=playing
2026-10-09 17:12:01 [align] probe gen=B730E710 t=2140.5 media=2134.0 date=2026-10-09T21:11:55.704Z rate=1.00 status=playing
2026-10-09 17:12:02 [align] probe gen=B730E710 t=2141.5 media=2135.0 date=2026-10-09T21:11:56.704Z rate=1.00 status=playing
2026-10-09 17:12:03 [align] probe gen=B730E710 t=2142.5 media=2136.0 date=2026-10-09T21:11:57.703Z rate=1.00 status=playing
2026-10-09 17:12:04 [align] probe gen=B730E710 t=2143.5 media=2137.0 date=2026-10-09T21:11:58.703Z rate=1.00 status=playing
2026-10-09 17:12:05 [align] status paused t=2144.0
2026-10-09 17:12:05 [align] summary samples=2141 polls=72 pollFailures=0 firstClock=6.4 sampleGapMax=1.1 pollGapMax=30.4 tailSampleGap=0.5 tailPollGap=5.5 rate=1.00-1.00
2026-10-09 17:12:05 [align] summary clockInvalid=none
2026-10-09 17:12:05 [align] summary window start=0 media=293.0 elapsed=293.1 ratio=1.000
2026-10-09 17:12:05 [align] summary window start=300 media=299.0 elapsed=299.0 ratio=1.000
2026-10-09 17:12:05 [align] summary window start=600 media=299.0 elapsed=299.0 ratio=1.000
2026-10-09 17:12:05 [align] summary window start=900 media=299.0 elapsed=299.0 ratio=1.000
2026-10-09 17:12:05 [align] summary window start=1200 media=299.0 elapsed=299.0 ratio=1.000
2026-10-09 17:12:05 [align] summary window start=1500 media=299.0 elapsed=299.0 ratio=1.000
2026-10-09 17:12:05 [align] summary window start=1800 media=299.0 elapsed=299.0 ratio=1.000
2026-10-09 17:12:05 [align] summary window start=2100 media=43.0 elapsed=43.0 ratio=1.000
2026-10-09 17:12:05 [align] verdict passed=true failures=0 kind=at-pause
2026-10-09 17:12:05 [align] summary samples=2141 polls=72 pollFailures=0 firstClock=6.4 sampleGapMax=1.1 pollGapMax=30.4 tailSampleGap=1.1 tailPollGap=6.1 rate=1.00-1.00
2026-10-09 17:12:05 [align] summary clockInvalid=none
2026-10-09 17:12:05 [align] summary window start=0 media=293.0 elapsed=293.1 ratio=1.000
2026-10-09 17:12:05 [align] summary window start=300 media=299.0 elapsed=299.0 ratio=1.000
2026-10-09 17:12:05 [align] summary window start=600 media=299.0 elapsed=299.0 ratio=1.000
2026-10-09 17:12:05 [align] summary window start=900 media=299.0 elapsed=299.0 ratio=1.000
2026-10-09 17:12:05 [align] summary window start=1200 media=299.0 elapsed=299.0 ratio=1.000
2026-10-09 17:12:05 [align] summary window start=1500 media=299.0 elapsed=299.0 ratio=1.000
2026-10-09 17:12:05 [align] summary window start=1800 media=299.0 elapsed=299.0 ratio=1.000
2026-10-09 17:12:05 [align] summary window start=2100 media=43.0 elapsed=43.0 ratio=1.000
2026-10-09 17:12:05 [align] verdict passed=false failures=1 kind=stop
2026-10-09 17:12:05 [align] verdict - audio stopped during the run
2026-10-09 17:12:05 [align] session stop gen=B730E710 reason=teardown samples=2141 polls=72
